layer,bn,coefficient_of_correlation
Encoder_0,yes,0.4698
Encoder_0,yes,0
Encoder_0,yes,0.5487
Encoder_0,yes,0.5914
Encoder_0,yes,0
Encoder_0,yes,0.2652
Encoder_0,yes,0.3092
Encoder_0,yes,0
Encoder_0,yes,0.1005
Encoder_0,yes,0.3086
Encoder_0,yes,-0.1261
Encoder_0,yes,-0.3342
Encoder_0,yes,0
Encoder_0,yes,0.0681
Encoder_0,yes,0.1186
Encoder_0,yes,0.1773
Encoder_0,yes,0.6835
Encoder_0,yes,0.3649
Encoder_0,yes,0.1542
Encoder_0,yes,0
Encoder_0,yes,0
Encoder_0,yes,0
Encoder_0,yes,0.128
Encoder_0,yes,0.0315
Encoder_0,yes,0.2908
Encoder_0,yes,0.226
Encoder_0,yes,0
Encoder_0,yes,0
Encoder_0,yes,0.4776
Encoder_0,yes,0.1465
Encoder_0,yes,0.2169
Encoder_0,yes,0.5317
Encoder_0,yes,0.1572
Encoder_0,yes,0.2251
Encoder_0,yes,0.3679
Encoder_0,yes,0.2221
Encoder_0,yes,0.5105
Encoder_0,yes,0
Encoder_0,yes,0.1065
Encoder_0,yes,0.6868
Encoder_0,yes,0.1747
Encoder_0,yes,0.4729
Encoder_0,yes,0.3259
Encoder_0,yes,0.3578
Encoder_0,yes,0.4736
Encoder_0,yes,0.1029
Encoder_0,yes,0.34
Encoder_0,yes,-0.0198
Encoder_0,yes,0.3954
Encoder_0,yes,0
Encoder_0,yes,0.8198
Encoder_0,yes,0.0516
Encoder_0,yes,0.35
Encoder_0,yes,0.0487
Encoder_0,yes,0.4129
Encoder_0,yes,0.2118
Encoder_0,yes,0.2272
Encoder_0,yes,-0.2
Encoder_0,yes,0.596
Encoder_0,yes,0.5745
Encoder_0,yes,0.1001
Encoder_0,yes,0.3438
Encoder_0,yes,0.2485
Encoder_0,yes,-0.0289
Encoder_0,yes,0.7011
Encoder_0,yes,0.1119
Encoder_0,yes,0
Encoder_0,yes,0.5608
Encoder_0,yes,0.2695
Encoder_0,yes,0.1045
Encoder_0,yes,0.3296
Encoder_0,yes,0.2528
Encoder_0,yes,0.0283
Encoder_0,yes,0.3249
Encoder_0,yes,0.6859
Encoder_0,yes,0.5966
Encoder_0,yes,0
Encoder_0,yes,0.1814
Encoder_0,yes,0.3212
Encoder_0,yes,0.6041
Encoder_0,yes,0.3682
Encoder_0,yes,-0.0038
Encoder_0,yes,0
Encoder_0,yes,0
Encoder_0,yes,0
Encoder_0,yes,0.3423
Encoder_0,yes,0
Encoder_0,yes,0
Encoder_0,yes,0
Encoder_0,yes,0.182
Encoder_0,yes,0.2207
Encoder_0,yes,0
Encoder_0,yes,0.3906
Encoder_0,yes,-0.2362
Encoder_0,yes,0.2537
Encoder_0,yes,0.3625
Encoder_0,yes,0
Encoder_0,yes,0.3438
Encoder_0,yes,0.192
Encoder_0,yes,0.5142
Encoder_0,yes,0
Encoder_0,yes,0.5761
Encoder_0,yes,0
Encoder_0,yes,-0.0105
Encoder_0,yes,0
Encoder_0,yes,0.2811
Encoder_0,yes,0.1956
Encoder_0,yes,0.396
Encoder_0,yes,0.499
Encoder_0,yes,0
Encoder_0,yes,0
Encoder_0,yes,0
Encoder_0,yes,0.2296
Encoder_0,yes,0.4688
Encoder_0,yes,0.1966
Encoder_0,yes,0
Encoder_0,yes,0.8252
Encoder_0,yes,0
Encoder_0,yes,0
Encoder_0,yes,0.1323
Encoder_0,yes,0
Encoder_0,yes,0.1976
Encoder_0,yes,0.3287
Encoder_0,yes,0.4194
Encoder_0,yes,0
Encoder_0,yes,-0.1496
Encoder_0,yes,0.3674
Encoder_0,yes,0.2669
Encoder_0,yes,0.2647
Encoder_0,yes,0
Encoder_0,yes,0.1812
Encoder_0,yes,0.2061
Encoder_0,yes,0
Encoder_0,yes,0.2023
Encoder_0,yes,0.7445
Encoder_0,yes,0.2701
Encoder_0,yes,0.1741
Encoder_0,yes,0
Encoder_0,yes,0.4594
Encoder_0,yes,0.1777
Encoder_0,yes,0.1149
Encoder_0,yes,0
Encoder_0,yes,0
Encoder_0,yes,0.6225
Encoder_0,yes,0.1964
Encoder_0,yes,0.2584
Encoder_0,yes,0.2152
Encoder_0,yes,0.206
Encoder_0,yes,0.1456
Encoder_0,yes,0
Encoder_0,yes,0
Encoder_0,yes,0.2579
Encoder_0,yes,0.1814
Encoder_0,yes,0.1818
Encoder_0,yes,0.2031
Encoder_0,yes,0.4309
Encoder_0,yes,0
Encoder_0,yes,0.1273
Encoder_0,yes,0.4266
Encoder_0,yes,0
Encoder_0,yes,0.1377
Encoder_0,yes,0.1566
Encoder_0,yes,0
Encoder_0,yes,0
Encoder_0,yes,0.3665
Encoder_0,yes,0.6496
Encoder_0,yes,0.2868
Encoder_0,yes,0.2453
Encoder_0,yes,0.3999
Encoder_0,yes,0.517
Encoder_0,yes,0.1929
Encoder_0,yes,0
Encoder_0,yes,0
Encoder_0,yes,0.3179
Encoder_0,yes,0.2618
Encoder_0,yes,0
Encoder_0,yes,0.0188
Encoder_0,yes,-0.1454
Encoder_0,yes,0.2573
Encoder_0,yes,0
Encoder_0,yes,0.1539
Encoder_0,yes,0.1205
Encoder_0,yes,0.517
Encoder_0,yes,0
Encoder_0,yes,0.8219
Encoder_0,yes,0.2797
Encoder_0,yes,0
Encoder_0,yes,0.3352
Encoder_0,yes,0.2785
Encoder_0,yes,0
Encoder_0,yes,0.4434
Encoder_0,yes,-0.3973
Encoder_0,yes,0
Encoder_0,yes,-0.1607
Encoder_0,yes,0.0894
Encoder_0,yes,-0.0667
Encoder_0,yes,0
Encoder_0,yes,0
Encoder_0,yes,0.1343
Encoder_0,yes,0.3207
Encoder_0,yes,0.1337
Encoder_0,yes,0.1867
Encoder_0,yes,0
Encoder_0,yes,0
Encoder_0,yes,-0.1798
Encoder_0,yes,0.5116
Encoder_0,yes,0.258
Encoder_0,yes,-0.1355
Encoder_0,yes,0.0424
Encoder_0,yes,-0.0496
Encoder_0,yes,0.39
Encoder_0,yes,0.28
Encoder_0,yes,0.1228
Encoder_0,yes,0.2546
Encoder_0,yes,0.2847
Encoder_0,yes,0.3089
Encoder_0,yes,0.2142
Encoder_0,yes,0.6276
Encoder_0,yes,0.2789
Encoder_0,yes,0.2286
Encoder_0,yes,0.3656
Encoder_0,yes,0.1733
Encoder_0,yes,0.2937
Encoder_0,yes,0.5806
Encoder_0,yes,0
Encoder_0,yes,-0.1471
Encoder_0,yes,0.4552
Encoder_0,yes,0.3382
Encoder_0,yes,0.5253
Encoder_0,yes,0.358
Encoder_0,yes,0
Encoder_0,yes,0.1937
Encoder_0,yes,0.1354
Encoder_0,yes,0
Encoder_0,yes,0
Encoder_0,yes,-0.1314
Encoder_0,yes,0.0235
Encoder_0,yes,0.6389
Encoder_0,yes,0
Encoder_0,yes,0
Encoder_0,yes,0.7348
Encoder_0,yes,0
Encoder_0,yes,0.3749
Encoder_0,yes,0.1828
Encoder_0,yes,0.2913
Encoder_0,yes,-0.7156
Encoder_0,yes,0.2811
Encoder_0,yes,0.3831
Encoder_0,yes,0.4789
Encoder_0,yes,-0.1846
Encoder_0,yes,0.7551
Encoder_0,yes,0
Encoder_0,yes,0
Encoder_0,yes,0.4497
Encoder_0,yes,0.0842
Encoder_0,yes,0.4759
Encoder_0,yes,0.0792
Encoder_0,yes,0.3177
Encoder_0,yes,0
Encoder_0,yes,0
Encoder_0,yes,0.0653
Encoder_0,yes,0.166
Encoder_0,yes,0.057
Encoder_0,yes,0.159
Encoder_0,yes,0
Encoder_0,yes,0.1128
Encoder_0,yes,0
Encoder_0,yes,0.4657
Encoder_0,yes,0.485
Encoder_0,yes,0
Encoder_0,yes,0.1501
Encoder_0,yes,0
Encoder_0,yes,0.495
Encoder_0,yes,0.21
Encoder_0,yes,0
Encoder_0,yes,0
Encoder_0,yes,0
Encoder_0,yes,0.2744
Encoder_0,yes,0.3142
Encoder_0,yes,-0.0789
Encoder_0,yes,0
Encoder_0,yes,0.0535
Encoder_0,yes,0.0426
Encoder_0,yes,0.1381
Encoder_0,yes,0.1904
Encoder_0,yes,0
Encoder_0,yes,0
Encoder_0,yes,0.266
Encoder_0,yes,0
Encoder_0,yes,0.1925
Encoder_0,yes,0.2663
Encoder_0,yes,0.1949
Encoder_0,yes,0.4231
Encoder_0,yes,0
Encoder_0,yes,0.1932
Encoder_0,yes,0
Encoder_0,yes,0
Encoder_0,yes,0
Encoder_0,yes,0.3873
Encoder_0,yes,0.2445
Encoder_0,no,0.1357
Encoder_0,no,0
Encoder_0,no,0.6839
Encoder_0,no,-0.1494
Encoder_0,no,0
Encoder_0,no,0.3011
Encoder_0,no,0.1772
Encoder_0,no,0
Encoder_0,no,0.1114
Encoder_0,no,-0.2896
Encoder_0,no,-0.1761
Encoder_0,no,-0.3559
Encoder_0,no,0
Encoder_0,no,-0.0233
Encoder_0,no,-0.1022
Encoder_0,no,0.7654
Encoder_0,no,0.1737
Encoder_0,no,0.1653
Encoder_0,no,-0.1006
Encoder_0,no,0
Encoder_0,no,0
Encoder_0,no,0
Encoder_0,no,-0.2585
Encoder_0,no,0.5103
Encoder_0,no,-0.1356
Encoder_0,no,0.6799
Encoder_0,no,0
Encoder_0,no,0
Encoder_0,no,-0.1929
Encoder_0,no,-0.3101
Encoder_0,no,-0.1362
Encoder_0,no,0.2687
Encoder_0,no,-0.1322
Encoder_0,no,0.4947
Encoder_0,no,0.5698
Encoder_0,no,-0.0069
Encoder_0,no,0.2925
Encoder_0,no,0
Encoder_0,no,-0.2508
Encoder_0,no,0.4606
Encoder_0,no,-0.1659
Encoder_0,no,-0.0612
Encoder_0,no,-0.0656
Encoder_0,no,0.56
Encoder_0,no,-0.0876
Encoder_0,no,0.2382
Encoder_0,no,0.4263
Encoder_0,no,0.1313
Encoder_0,no,-0.3624
Encoder_0,no,0
Encoder_0,no,0.4258
Encoder_0,no,0.2657
Encoder_0,no,0.4994
Encoder_0,no,0.3877
Encoder_0,no,0.0109
Encoder_0,no,0.3103
Encoder_0,no,-0.1047
Encoder_0,no,0.2881
Encoder_0,no,0.6947
Encoder_0,no,-0.3304
Encoder_0,no,-0.1553
Encoder_0,no,0.3248
Encoder_0,no,0.2836
Encoder_0,no,0.1627
Encoder_0,no,0.4429
Encoder_0,no,0.0211
Encoder_0,no,0
Encoder_0,no,0.0182
Encoder_0,no,-0.0144
Encoder_0,no,0.2058
Encoder_0,no,0.0085
Encoder_0,no,-0.1409
Encoder_0,no,-0.1472
Encoder_0,no,0.6492
Encoder_0,no,0.269
Encoder_0,no,0.7391
Encoder_0,no,0
Encoder_0,no,-0.0301
Encoder_0,no,0.3723
Encoder_0,no,-0.0051
Encoder_0,no,0.7026
Encoder_0,no,-0.133
Encoder_0,no,0
Encoder_0,no,0
Encoder_0,no,0
Encoder_0,no,0.0029
Encoder_0,no,0
Encoder_0,no,0
Encoder_0,no,0
Encoder_0,no,-0.0863
Encoder_0,no,0.5473
Encoder_0,no,0
Encoder_0,no,-0.1689
Encoder_0,no,-0.1276
Encoder_0,no,0.7778
Encoder_0,no,0.3169
Encoder_0,no,0
Encoder_0,no,-0.3751
Encoder_0,no,0.3023
Encoder_0,no,0.3686
Encoder_0,no,0
Encoder_0,no,0.2972
Encoder_0,no,0
Encoder_0,no,0.1421
Encoder_0,no,0
Encoder_0,no,0.7817
Encoder_0,no,-0.1333
Encoder_0,no,0.3827
Encoder_0,no,0.5637
Encoder_0,no,0
Encoder_0,no,0
Encoder_0,no,0
Encoder_0,no,-0.0173
Encoder_0,no,0.7106
Encoder_0,no,-0.0502
Encoder_0,no,0
Encoder_0,no,0.7614
Encoder_0,no,0
Encoder_0,no,0
Encoder_0,no,-0.2089
Encoder_0,no,0
Encoder_0,no,0.3812
Encoder_0,no,-0.094
Encoder_0,no,-0.1089
Encoder_0,no,0
Encoder_0,no,0.3175
Encoder_0,no,0.0921
Encoder_0,no,0.6861
Encoder_0,no,-0.1105
Encoder_0,no,0
Encoder_0,no,0.0341
Encoder_0,no,0.0214
Encoder_0,no,0
Encoder_0,no,0.4965
Encoder_0,no,0.7828
Encoder_0,no,0.2922
Encoder_0,no,0.1257
Encoder_0,no,0
Encoder_0,no,-0.1203
Encoder_0,no,0.0843
Encoder_0,no,0.4693
Encoder_0,no,0
Encoder_0,no,0
Encoder_0,no,-0.2113
Encoder_0,no,0.0098
Encoder_0,no,0.2073
Encoder_0,no,0.5556
Encoder_0,no,0.231
Encoder_0,no,-0.0718
Encoder_0,no,0
Encoder_0,no,0
Encoder_0,no,-0.3313
Encoder_0,no,0.5569
Encoder_0,no,0.6
Encoder_0,no,0.1072
Encoder_0,no,0.4487
Encoder_0,no,0
Encoder_0,no,-0.2208
Encoder_0,no,0.3529
Encoder_0,no,0
Encoder_0,no,-0.1349
Encoder_0,no,-0.1035
Encoder_0,no,0
Encoder_0,no,0
Encoder_0,no,0.4068
Encoder_0,no,0.0129
Encoder_0,no,0.7479
Encoder_0,no,-0.1527
Encoder_0,no,0.808
Encoder_0,no,-0.3948
Encoder_0,no,0.293
Encoder_0,no,0
Encoder_0,no,0
Encoder_0,no,0.0139
Encoder_0,no,0.6363
Encoder_0,no,0
Encoder_0,no,-0.121
Encoder_0,no,-0.0725
Encoder_0,no,-0.3492
Encoder_0,no,0
Encoder_0,no,0.0525
Encoder_0,no,-0.0157
Encoder_0,no,0.7383
Encoder_0,no,0
Encoder_0,no,0.4016
Encoder_0,no,-0.0993
Encoder_0,no,0
Encoder_0,no,0.2384
Encoder_0,no,0.0015
Encoder_0,no,0
Encoder_0,no,-0.1115
Encoder_0,no,-0.0398
Encoder_0,no,0
Encoder_0,no,-0.0871
Encoder_0,no,-0.0478
Encoder_0,no,0.11
Encoder_0,no,0
Encoder_0,no,0
Encoder_0,no,0.3034
Encoder_0,no,0.152
Encoder_0,no,-0.2318
Encoder_0,no,-0.0176
Encoder_0,no,0
Encoder_0,no,0
Encoder_0,no,-0.0522
Encoder_0,no,0.4794
Encoder_0,no,-0.0896
Encoder_0,no,-0.0043
Encoder_0,no,0.0536
Encoder_0,no,-0.3896
Encoder_0,no,0.5663
Encoder_0,no,-0.0629
Encoder_0,no,0.1639
Encoder_0,no,0.5944
Encoder_0,no,-0.4356
Encoder_0,no,0.5348
Encoder_0,no,0.6917
Encoder_0,no,-0.3616
Encoder_0,no,-0.1321
Encoder_0,no,0.4881
Encoder_0,no,-0.0001
Encoder_0,no,0.0053
Encoder_0,no,0.2222
Encoder_0,no,0.0857
Encoder_0,no,0
Encoder_0,no,0.0287
Encoder_0,no,0.4512
Encoder_0,no,-0.0043
Encoder_0,no,0.263
Encoder_0,no,0.298
Encoder_0,no,0
Encoder_0,no,-0.1294
Encoder_0,no,-0.1274
Encoder_0,no,0
Encoder_0,no,0
Encoder_0,no,-0.5477
Encoder_0,no,-0.1941
Encoder_0,no,0.5896
Encoder_0,no,0
Encoder_0,no,0
Encoder_0,no,-0.0645
Encoder_0,no,0
Encoder_0,no,-0.0621
Encoder_0,no,0.0802
Encoder_0,no,-0.1388
Encoder_0,no,0.5141
Encoder_0,no,0.4976
Encoder_0,no,0.1951
Encoder_0,no,0.0869
Encoder_0,no,-0.1314
Encoder_0,no,-0.0671
Encoder_0,no,0
Encoder_0,no,0
Encoder_0,no,-0.5365
Encoder_0,no,0.0219
Encoder_0,no,0.3792
Encoder_0,no,-0.2158
Encoder_0,no,0.3027
Encoder_0,no,0
Encoder_0,no,0
Encoder_0,no,0.1992
Encoder_0,no,0.4941
Encoder_0,no,-0.1143
Encoder_0,no,-0.0386
Encoder_0,no,0
Encoder_0,no,-0.2422
Encoder_0,no,0
Encoder_0,no,0.2957
Encoder_0,no,-0.0415
Encoder_0,no,0
Encoder_0,no,-0.1366
Encoder_0,no,0
Encoder_0,no,0.7087
Encoder_0,no,0.5331
Encoder_0,no,0
Encoder_0,no,0
Encoder_0,no,0
Encoder_0,no,-0.1595
Encoder_0,no,-0.2767
Encoder_0,no,-0.1112
Encoder_0,no,0
Encoder_0,no,0.0592
Encoder_0,no,0.188
Encoder_0,no,-0.0632
Encoder_0,no,0.2906
Encoder_0,no,0
Encoder_0,no,0
Encoder_0,no,0.2529
Encoder_0,no,0
Encoder_0,no,-0.0522
Encoder_0,no,-0.1496
Encoder_0,no,-0.1315
Encoder_0,no,0.2781
Encoder_0,no,0
Encoder_0,no,0.0726
Encoder_0,no,0
Encoder_0,no,0
Encoder_0,no,0
Encoder_0,no,0.3722
Encoder_0,no,0.2817
Encoder_4,yes,0.68
Encoder_4,yes,0.6152
Encoder_4,yes,0.7008
Encoder_4,yes,0.6565
Encoder_4,yes,0.5438
Encoder_4,yes,0.5993
Encoder_4,yes,0.5077
Encoder_4,yes,0.3141
Encoder_4,yes,0.0588
Encoder_4,yes,0.6051
Encoder_4,yes,0.0505
Encoder_4,yes,0.4486
Encoder_4,yes,0.661
Encoder_4,yes,0.5715
Encoder_4,yes,0.7041
Encoder_4,yes,0.6441
Encoder_4,yes,0.5037
Encoder_4,yes,0.6185
Encoder_4,yes,0.8918
Encoder_4,yes,0.2686
Encoder_4,yes,0.1805
Encoder_4,yes,0.4266
Encoder_4,yes,0.6566
Encoder_4,yes,0.8022
Encoder_4,yes,0.6423
Encoder_4,yes,0.3815
Encoder_4,yes,0.5235
Encoder_4,yes,0.6244
Encoder_4,yes,0.2973
Encoder_4,yes,0.4732
Encoder_4,yes,0.6909
Encoder_4,yes,0.4904
Encoder_4,yes,0.1776
Encoder_4,yes,0.6365
Encoder_4,yes,0.6243
Encoder_4,yes,0.4836
Encoder_4,yes,0.5361
Encoder_4,yes,0.5257
Encoder_4,yes,0.5467
Encoder_4,yes,0.5014
Encoder_4,yes,0.751
Encoder_4,yes,0.6782
Encoder_4,yes,0.5981
Encoder_4,yes,0.5409
Encoder_4,yes,0.362
Encoder_4,yes,0.2551
Encoder_4,yes,0.4102
Encoder_4,yes,0.7255
Encoder_4,yes,0.5529
Encoder_4,yes,0.3028
Encoder_4,yes,0.1886
Encoder_4,yes,0.6842
Encoder_4,yes,0.677
Encoder_4,yes,0.7039
Encoder_4,yes,0.6695
Encoder_4,yes,0.7184
Encoder_4,yes,0.2572
Encoder_4,yes,0.2753
Encoder_4,yes,0.6267
Encoder_4,yes,0.5964
Encoder_4,yes,0.6904
Encoder_4,yes,0.8245
Encoder_4,yes,0.685
Encoder_4,yes,0.6235
Encoder_4,yes,0.6961
Encoder_4,yes,0.5293
Encoder_4,yes,0.5434
Encoder_4,yes,0.3001
Encoder_4,yes,0.6737
Encoder_4,yes,0.4802
Encoder_4,yes,0.7692
Encoder_4,yes,0.5953
Encoder_4,yes,0.4895
Encoder_4,yes,0.4336
Encoder_4,yes,0.7406
Encoder_4,yes,0.5709
Encoder_4,yes,0.5288
Encoder_4,yes,0.625
Encoder_4,yes,0.651
Encoder_4,yes,0.6955
Encoder_4,yes,0.6344
Encoder_4,yes,0.5384
Encoder_4,yes,0.7731
Encoder_4,yes,0.3604
Encoder_4,yes,0.6384
Encoder_4,yes,0.7632
Encoder_4,yes,0.7556
Encoder_4,yes,0.7875
Encoder_4,yes,0.4808
Encoder_4,yes,0.3278
Encoder_4,yes,0.4336
Encoder_4,yes,0.5941
Encoder_4,yes,0.2079
Encoder_4,yes,0.7661
Encoder_4,yes,-0.2982
Encoder_4,yes,0.6463
Encoder_4,yes,0.7712
Encoder_4,yes,0.5681
Encoder_4,yes,0.6759
Encoder_4,yes,0.5593
Encoder_4,yes,0.4528
Encoder_4,yes,0.5513
Encoder_4,yes,0.4412
Encoder_4,yes,0.7258
Encoder_4,yes,0.5441
Encoder_4,yes,0.6454
Encoder_4,yes,0.637
Encoder_4,yes,0.7702
Encoder_4,yes,0.8297
Encoder_4,yes,0.4509
Encoder_4,yes,0.5792
Encoder_4,yes,0.8163
Encoder_4,yes,0.5751
Encoder_4,yes,0.6204
Encoder_4,yes,0.3137
Encoder_4,yes,0.188
Encoder_4,yes,0.7093
Encoder_4,yes,0.4174
Encoder_4,yes,0.412
Encoder_4,yes,0.1434
Encoder_4,yes,0.5228
Encoder_4,yes,0.6009
Encoder_4,yes,0.3726
Encoder_4,yes,0.4885
Encoder_4,yes,0.7474
Encoder_4,yes,0.2842
Encoder_4,yes,0.3198
Encoder_4,yes,0.68
Encoder_4,yes,0.3986
Encoder_4,yes,-0.145
Encoder_4,yes,0.2837
Encoder_4,yes,0.1675
Encoder_4,yes,0.3614
Encoder_4,yes,0.5098
Encoder_4,yes,0.5758
Encoder_4,yes,0.5877
Encoder_4,yes,0.0364
Encoder_4,yes,0.731
Encoder_4,yes,0.6602
Encoder_4,yes,0.6272
Encoder_4,yes,0.4297
Encoder_4,yes,0.7988
Encoder_4,yes,0.6814
Encoder_4,yes,0.0175
Encoder_4,yes,0.6428
Encoder_4,yes,0.3992
Encoder_4,yes,0.6932
Encoder_4,yes,0.6273
Encoder_4,yes,0.5343
Encoder_4,yes,0.83
Encoder_4,yes,0.5517
Encoder_4,yes,0.757
Encoder_4,yes,0.4578
Encoder_4,yes,0.7273
Encoder_4,yes,0.4931
Encoder_4,yes,0.6119
Encoder_4,yes,0.7367
Encoder_4,yes,0.4426
Encoder_4,yes,0.5461
Encoder_4,yes,0.3899
Encoder_4,yes,0.4065
Encoder_4,yes,0.7662
Encoder_4,yes,0.6126
Encoder_4,yes,0.3135
Encoder_4,yes,0.5331
Encoder_4,yes,0.5594
Encoder_4,yes,0.6983
Encoder_4,yes,0.5405
Encoder_4,yes,0.5891
Encoder_4,yes,0.8521
Encoder_4,yes,0.5624
Encoder_4,yes,0.7299
Encoder_4,yes,0.6659
Encoder_4,yes,0.6143
Encoder_4,yes,0.6241
Encoder_4,yes,0.7779
Encoder_4,yes,0.1547
Encoder_4,yes,0.6479
Encoder_4,yes,0.702
Encoder_4,yes,0.1935
Encoder_4,yes,0.3082
Encoder_4,yes,0.4195
Encoder_4,yes,0.386
Encoder_4,yes,0.6524
Encoder_4,yes,0.5684
Encoder_4,yes,0.5443
Encoder_4,yes,0.5262
Encoder_4,yes,0.6093
Encoder_4,yes,0.5034
Encoder_4,yes,0.4451
Encoder_4,yes,0.1298
Encoder_4,yes,0.0469
Encoder_4,yes,0.5868
Encoder_4,yes,0.6264
Encoder_4,yes,0.713
Encoder_4,yes,0.7318
Encoder_4,yes,0.3378
Encoder_4,yes,0.5349
Encoder_4,yes,0.7893
Encoder_4,yes,0.6772
Encoder_4,yes,0.2966
Encoder_4,yes,0.4702
Encoder_4,yes,0.5496
Encoder_4,yes,0.7299
Encoder_4,yes,0.2126
Encoder_4,yes,0.5346
Encoder_4,yes,0.2256
Encoder_4,yes,0.5422
Encoder_4,yes,0.3486
Encoder_4,yes,0.7549
Encoder_4,yes,0.2435
Encoder_4,yes,0.7197
Encoder_4,yes,0.0947
Encoder_4,yes,0.5232
Encoder_4,yes,0.5323
Encoder_4,yes,0.509
Encoder_4,yes,0.1784
Encoder_4,yes,-0.0294
Encoder_4,yes,0.6255
Encoder_4,yes,0.5754
Encoder_4,yes,0.3253
Encoder_4,yes,0.6197
Encoder_4,yes,0.3766
Encoder_4,yes,0.713
Encoder_4,yes,0.5447
Encoder_4,yes,0.0914
Encoder_4,yes,0.3758
Encoder_4,yes,0.7225
Encoder_4,yes,0.082
Encoder_4,yes,0.2928
Encoder_4,yes,0.6222
Encoder_4,yes,0.5626
Encoder_4,yes,0.3602
Encoder_4,yes,0.5827
Encoder_4,yes,0.7468
Encoder_4,yes,0.6032
Encoder_4,yes,0.098
Encoder_4,yes,0.1121
Encoder_4,yes,0.5646
Encoder_4,yes,0.1019
Encoder_4,yes,0.4595
Encoder_4,yes,0.4645
Encoder_4,yes,0.5816
Encoder_4,yes,0.5777
Encoder_4,yes,0.764
Encoder_4,yes,0.5743
Encoder_4,yes,0.4684
Encoder_4,yes,0.2738
Encoder_4,yes,0.418
Encoder_4,yes,0.8428
Encoder_4,yes,0.5115
Encoder_4,yes,0.5125
Encoder_4,yes,0.5356
Encoder_4,yes,0.5799
Encoder_4,yes,0.3633
Encoder_4,yes,0.4247
Encoder_4,yes,0.5728
Encoder_4,yes,0.6866
Encoder_4,yes,0.5445
Encoder_4,yes,0.259
Encoder_4,yes,0.3311
Encoder_4,yes,0.5847
Encoder_4,yes,0.739
Encoder_4,yes,0.5667
Encoder_4,yes,0.7661
Encoder_4,yes,0.3262
Encoder_4,yes,0.1144
Encoder_4,yes,0.6715
Encoder_4,yes,0.59
Encoder_4,yes,0.6471
Encoder_4,yes,0.7029
Encoder_4,yes,0.6756
Encoder_4,yes,0.7657
Encoder_4,yes,0.2329
Encoder_4,yes,0.1508
Encoder_4,yes,0.459
Encoder_4,yes,0.3787
Encoder_4,yes,0.4218
Encoder_4,yes,0.264
Encoder_4,yes,0.6514
Encoder_4,yes,0.4992
Encoder_4,yes,0.6456
Encoder_4,yes,0.7627
Encoder_4,yes,0.5311
Encoder_4,yes,0.6597
Encoder_4,yes,0.0937
Encoder_4,yes,0.4293
Encoder_4,yes,0.7245
Encoder_4,yes,0.8046
Encoder_4,yes,0.6055
Encoder_4,yes,0.6774
Encoder_4,yes,0.5808
Encoder_4,yes,0.6744
Encoder_4,yes,0.3025
Encoder_4,yes,0.5652
Encoder_4,yes,0.5237
Encoder_4,yes,0.7774
Encoder_4,yes,0.6977
Encoder_4,yes,0.6019
Encoder_4,yes,0.6986
Encoder_4,no,0.4935
Encoder_4,no,0.6105
Encoder_4,no,0.3827
Encoder_4,no,0.3426
Encoder_4,no,0.6421
Encoder_4,no,0.338
Encoder_4,no,-0.0615
Encoder_4,no,0.4579
Encoder_4,no,0.2939
Encoder_4,no,0.5002
Encoder_4,no,0.6962
Encoder_4,no,0.5004
Encoder_4,no,0.58
Encoder_4,no,0.4997
Encoder_4,no,0.5932
Encoder_4,no,0.2459
Encoder_4,no,0.4326
Encoder_4,no,0.2955
Encoder_4,no,0.3354
Encoder_4,no,0.0973
Encoder_4,no,0.626
Encoder_4,no,0.5135
Encoder_4,no,0.5214
Encoder_4,no,0.4009
Encoder_4,no,0.7955
Encoder_4,no,0.5023
Encoder_4,no,0.5176
Encoder_4,no,0.3567
Encoder_4,no,0.4397
Encoder_4,no,0.5076
Encoder_4,no,0.3998
Encoder_4,no,0.3524
Encoder_4,no,0.4649
Encoder_4,no,0.1896
Encoder_4,no,0.583
Encoder_4,no,0.2988
Encoder_4,no,0.3679
Encoder_4,no,0.2321
Encoder_4,no,0.6563
Encoder_4,no,0.5975
Encoder_4,no,0.3048
Encoder_4,no,0.6536
Encoder_4,no,0.5205
Encoder_4,no,0.6073
Encoder_4,no,0.2316
Encoder_4,no,0.208
Encoder_4,no,0.1522
Encoder_4,no,0.6581
Encoder_4,no,0.7089
Encoder_4,no,0.6486
Encoder_4,no,0.4134
Encoder_4,no,0.3347
Encoder_4,no,0.1695
Encoder_4,no,0.5273
Encoder_4,no,-0.1282
Encoder_4,no,0.6297
Encoder_4,no,0.5655
Encoder_4,no,0.3944
Encoder_4,no,0.3246
Encoder_4,no,0.2853
Encoder_4,no,0.7125
Encoder_4,no,0.4643
Encoder_4,no,0.3938
Encoder_4,no,0.4209
Encoder_4,no,0.7888
Encoder_4,no,0.4669
Encoder_4,no,0.3395
Encoder_4,no,0.2237
Encoder_4,no,0.4514
Encoder_4,no,0.4452
Encoder_4,no,0.4423
Encoder_4,no,-0.0218
Encoder_4,no,0.2647
Encoder_4,no,0.6857
Encoder_4,no,0.6546
Encoder_4,no,0.5378
Encoder_4,no,0.5319
Encoder_4,no,0.5095
Encoder_4,no,0.3007
Encoder_4,no,0.0426
Encoder_4,no,0.5753
Encoder_4,no,0.6456
Encoder_4,no,0.2094
Encoder_4,no,0.7062
Encoder_4,no,0.6404
Encoder_4,no,0.5075
Encoder_4,no,0.2791
Encoder_4,no,0.2681
Encoder_4,no,0.2455
Encoder_4,no,0.445
Encoder_4,no,0.7434
Encoder_4,no,0.4123
Encoder_4,no,0.3682
Encoder_4,no,0.3987
Encoder_4,no,0.3148
Encoder_4,no,0.4428
Encoder_4,no,0.3707
Encoder_4,no,0.5315
Encoder_4,no,0.3327
Encoder_4,no,0.7214
Encoder_4,no,0.417
Encoder_4,no,0.6183
Encoder_4,no,0.3883
Encoder_4,no,0.4797
Encoder_4,no,0.6205
Encoder_4,no,0.4823
Encoder_4,no,0.4727
Encoder_4,no,0.135
Encoder_4,no,0.4569
Encoder_4,no,0.384
Encoder_4,no,0.6642
Encoder_4,no,0.1754
Encoder_4,no,0.5828
Encoder_4,no,0.6554
Encoder_4,no,0.5128
Encoder_4,no,0.2947
Encoder_4,no,0.5505
Encoder_4,no,0.7256
Encoder_4,no,0.3209
Encoder_4,no,0.5022
Encoder_4,no,0.174
Encoder_4,no,0.3395
Encoder_4,no,0.4412
Encoder_4,no,0.594
Encoder_4,no,0.5635
Encoder_4,no,0.3947
Encoder_4,no,-0.2485
Encoder_4,no,0.3758
Encoder_4,no,0.3846
Encoder_4,no,0.0216
Encoder_4,no,0.3568
Encoder_4,no,0.6121
Encoder_4,no,0.5252
Encoder_4,no,0.638
Encoder_4,no,0.6216
Encoder_4,no,0.4571
Encoder_4,no,0.1253
Encoder_4,no,0.3423
Encoder_4,no,0.2233
Encoder_4,no,0.2124
Encoder_4,no,0.3889
Encoder_4,no,0.197
Encoder_4,no,0.2346
Encoder_4,no,-0.0377
Encoder_4,no,0.265
Encoder_4,no,0.6197
Encoder_4,no,0.4401
Encoder_4,no,0.5363
Encoder_4,no,0.3026
Encoder_4,no,0.5546
Encoder_4,no,0.2639
Encoder_4,no,0.5241
Encoder_4,no,0.6892
Encoder_4,no,0.3478
Encoder_4,no,0.6813
Encoder_4,no,0.4757
Encoder_4,no,0.6446
Encoder_4,no,0.4268
Encoder_4,no,0.2087
Encoder_4,no,0.5462
Encoder_4,no,0.2958
Encoder_4,no,0.7306
Encoder_4,no,0.3317
Encoder_4,no,0.461
Encoder_4,no,0.6021
Encoder_4,no,0.4449
Encoder_4,no,0.1651
Encoder_4,no,0.7548
Encoder_4,no,0.3461
Encoder_4,no,0.4476
Encoder_4,no,0.6082
Encoder_4,no,0.5975
Encoder_4,no,0.613
Encoder_4,no,0.4282
Encoder_4,no,0.3196
Encoder_4,no,0.4989
Encoder_4,no,0.5211
Encoder_4,no,0.3114
Encoder_4,no,0.2845
Encoder_4,no,0.2766
Encoder_4,no,0.277
Encoder_4,no,0.3936
Encoder_4,no,0.5049
Encoder_4,no,0.4895
Encoder_4,no,0.4383
Encoder_4,no,0.2281
Encoder_4,no,0.3634
Encoder_4,no,0.6343
Encoder_4,no,0.1844
Encoder_4,no,0.7239
Encoder_4,no,0.18
Encoder_4,no,0.4225
Encoder_4,no,0.4528
Encoder_4,no,0.0005
Encoder_4,no,0.4051
Encoder_4,no,0.488
Encoder_4,no,0.2376
Encoder_4,no,0.8555
Encoder_4,no,0.9045
Encoder_4,no,0.2886
Encoder_4,no,0.4516
Encoder_4,no,0.4517
Encoder_4,no,0.5461
Encoder_4,no,0.3476
Encoder_4,no,0.5332
Encoder_4,no,0.4974
Encoder_4,no,0.3038
Encoder_4,no,0.374
Encoder_4,no,0.3542
Encoder_4,no,0.4234
Encoder_4,no,0.6584
Encoder_4,no,0.3168
Encoder_4,no,0.336
Encoder_4,no,0.7406
Encoder_4,no,0.6923
Encoder_4,no,0.3527
Encoder_4,no,0.2062
Encoder_4,no,0.4787
Encoder_4,no,0.4207
Encoder_4,no,0.2889
Encoder_4,no,0.428
Encoder_4,no,0.1168
Encoder_4,no,0.2238
Encoder_4,no,0.4717
Encoder_4,no,0.245
Encoder_4,no,0.4898
Encoder_4,no,0.3653
Encoder_4,no,0.4892
Encoder_4,no,0.4402
Encoder_4,no,0.3059
Encoder_4,no,0.3581
Encoder_4,no,-0.215
Encoder_4,no,0.7909
Encoder_4,no,0.4679
Encoder_4,no,0.7405
Encoder_4,no,0.3908
Encoder_4,no,0.2517
Encoder_4,no,0.2917
Encoder_4,no,0.2036
Encoder_4,no,0.459
Encoder_4,no,0.6542
Encoder_4,no,0.6094
Encoder_4,no,0.6958
Encoder_4,no,0.8847
Encoder_4,no,0.7987
Encoder_4,no,0.3858
Encoder_4,no,0.2981
Encoder_4,no,0.6319
Encoder_4,no,0.4774
Encoder_4,no,0.7005
Encoder_4,no,0.4387
Encoder_4,no,0.4497
Encoder_4,no,0.2389
Encoder_4,no,0.3384
Encoder_4,no,0.6277
Encoder_4,no,0.1336
Encoder_4,no,0.4324
Encoder_4,no,0.4982
Encoder_4,no,0.352
Encoder_4,no,0.2784
Encoder_4,no,0.446
Encoder_4,no,0.5315
Encoder_4,no,0.4915
Encoder_4,no,0.5238
Encoder_4,no,0.6766
Encoder_4,no,0.3509
Encoder_4,no,0.4861
Encoder_4,no,0.4711
Encoder_4,no,0.1823
Encoder_4,no,-0.0584
Encoder_4,no,0.2608
Encoder_4,no,0.2531
Encoder_4,no,0.5151
Encoder_4,no,0.5838
Encoder_4,no,0.5582
Encoder_4,no,0.6851
Encoder_4,no,0.5018
Encoder_4,no,0.2293
Encoder_4,no,0.6282
Encoder_4,no,0.6266
Encoder_4,no,0.6083
Encoder_4,no,0.3071
Encoder_4,no,0.3243
Encoder_4,no,-0.0381
Encoder_4,no,0.2454
Encoder_4,no,0.3143
Encoder_4,no,0.3622
Encoder_4,no,0.6381
Encoder_4,no,0.7802
Encoder_4,no,0.2826
Encoder_4,no,0.3619
Encoder_4,no,0.3601
Encoder_4,no,0.0966
Encoder_4,no,0.4272
Encoder_4,no,0.4642
Encoder_4,no,0.6712
Encoder_4,no,0.3685
Encoder_4,no,0.7648
Encoder_4,no,-0.0856
Encoder_4,no,0.3604
Encoder_8,yes,0.6977
Encoder_8,yes,0.6468
Encoder_8,yes,0.6955
Encoder_8,yes,0.741
Encoder_8,yes,0.5278
Encoder_8,yes,0.4343
Encoder_8,yes,0.6933
Encoder_8,yes,0.3631
Encoder_8,yes,0.5066
Encoder_8,yes,0.811
Encoder_8,yes,0.6896
Encoder_8,yes,0.6025
Encoder_8,yes,0.6615
Encoder_8,yes,0.4693
Encoder_8,yes,0.7006
Encoder_8,yes,0.5773
Encoder_8,yes,0.3493
Encoder_8,yes,0.5075
Encoder_8,yes,0.5989
Encoder_8,yes,0.7165
Encoder_8,yes,0.6521
Encoder_8,yes,0.5809
Encoder_8,yes,0.2534
Encoder_8,yes,0.4348
Encoder_8,yes,0.6906
Encoder_8,yes,0.3826
Encoder_8,yes,0.5194
Encoder_8,yes,0.5037
Encoder_8,yes,0.4546
Encoder_8,yes,0.3604
Encoder_8,yes,0.3189
Encoder_8,yes,0.8695
Encoder_8,yes,0.6378
Encoder_8,yes,0.3281
Encoder_8,yes,0.7199
Encoder_8,yes,0.6908
Encoder_8,yes,0.3302
Encoder_8,yes,0.6542
Encoder_8,yes,0.702
Encoder_8,yes,0.5943
Encoder_8,yes,0.3819
Encoder_8,yes,0.899
Encoder_8,yes,0.645
Encoder_8,yes,0.6783
Encoder_8,yes,0.7358
Encoder_8,yes,0.6472
Encoder_8,yes,0.4487
Encoder_8,yes,0.7555
Encoder_8,yes,0.6372
Encoder_8,yes,0.6507
Encoder_8,yes,0.8066
Encoder_8,yes,0.4281
Encoder_8,yes,0.7809
Encoder_8,yes,0.748
Encoder_8,yes,0.6771
Encoder_8,yes,0.5764
Encoder_8,yes,0.5403
Encoder_8,yes,0.6826
Encoder_8,yes,0.8104
Encoder_8,yes,0.7157
Encoder_8,yes,0.7218
Encoder_8,yes,0.5649
Encoder_8,yes,0.46
Encoder_8,yes,0.4244
Encoder_8,yes,0.4387
Encoder_8,yes,0.8079
Encoder_8,yes,0.4318
Encoder_8,yes,0.6466
Encoder_8,yes,0.6306
Encoder_8,yes,0.6096
Encoder_8,yes,0.549
Encoder_8,yes,0.6389
Encoder_8,yes,0.6585
Encoder_8,yes,0.5885
Encoder_8,yes,0.6404
Encoder_8,yes,0.7738
Encoder_8,yes,0.7108
Encoder_8,yes,0.2997
Encoder_8,yes,0.2116
Encoder_8,yes,0.7254
Encoder_8,yes,0.6359
Encoder_8,yes,0.662
Encoder_8,yes,0.6823
Encoder_8,yes,0.5852
Encoder_8,yes,0.6271
Encoder_8,yes,0.7435
Encoder_8,yes,0.6183
Encoder_8,yes,0.6919
Encoder_8,yes,0.5002
Encoder_8,yes,0.7408
Encoder_8,yes,0.5217
Encoder_8,yes,0.1915
Encoder_8,yes,0.7157
Encoder_8,yes,0.5801
Encoder_8,yes,0.388
Encoder_8,yes,0.7079
Encoder_8,yes,0.5879
Encoder_8,yes,0.5071
Encoder_8,yes,0.6908
Encoder_8,yes,0.6477
Encoder_8,yes,0.6232
Encoder_8,yes,0.6097
Encoder_8,yes,0.6993
Encoder_8,yes,0.6964
Encoder_8,yes,0.4546
Encoder_8,yes,0.53
Encoder_8,yes,0.599
Encoder_8,yes,0.7294
Encoder_8,yes,0.6859
Encoder_8,yes,0.6621
Encoder_8,yes,0.7367
Encoder_8,yes,0.3509
Encoder_8,yes,0.6479
Encoder_8,yes,0.4874
Encoder_8,yes,0.6821
Encoder_8,yes,0.493
Encoder_8,yes,0.5919
Encoder_8,yes,0.3379
Encoder_8,yes,0.5138
Encoder_8,yes,0.7414
Encoder_8,yes,0.7906
Encoder_8,yes,0.5218
Encoder_8,yes,0.6184
Encoder_8,yes,0.688
Encoder_8,yes,0.5087
Encoder_8,yes,0.6275
Encoder_8,yes,0.8478
Encoder_8,yes,0.6025
Encoder_8,yes,0.3457
Encoder_8,yes,0.3229
Encoder_8,yes,0.583
Encoder_8,yes,0.5876
Encoder_8,yes,0.2637
Encoder_8,yes,0.5531
Encoder_8,yes,0.6403
Encoder_8,yes,0.2356
Encoder_8,yes,0.8329
Encoder_8,yes,0.4682
Encoder_8,yes,0.2817
Encoder_8,yes,0.662
Encoder_8,yes,0.4037
Encoder_8,yes,0.4469
Encoder_8,yes,0.6286
Encoder_8,yes,0.7994
Encoder_8,yes,0.6237
Encoder_8,yes,0.6548
Encoder_8,yes,0.6239
Encoder_8,yes,0.7694
Encoder_8,yes,0.7961
Encoder_8,yes,0.6147
Encoder_8,yes,0.5971
Encoder_8,yes,0.4145
Encoder_8,yes,0.542
Encoder_8,yes,0.7598
Encoder_8,yes,0.552
Encoder_8,yes,0.5872
Encoder_8,yes,0.4997
Encoder_8,yes,0.6164
Encoder_8,yes,0.5536
Encoder_8,yes,0.5481
Encoder_8,yes,0.5042
Encoder_8,yes,0.5131
Encoder_8,yes,0.7161
Encoder_8,yes,0.5878
Encoder_8,yes,0.7993
Encoder_8,yes,0.6806
Encoder_8,yes,0.7144
Encoder_8,yes,0.2472
Encoder_8,yes,0.5123
Encoder_8,yes,0.8321
Encoder_8,yes,0.7341
Encoder_8,yes,0.6187
Encoder_8,yes,0.6386
Encoder_8,yes,0.349
Encoder_8,yes,0.268
Encoder_8,yes,0.8262
Encoder_8,yes,0.605
Encoder_8,yes,0.7785
Encoder_8,yes,0.3775
Encoder_8,yes,0.6503
Encoder_8,yes,0.1516
Encoder_8,yes,0.7044
Encoder_8,yes,0.6079
Encoder_8,yes,0.7213
Encoder_8,yes,0.6157
Encoder_8,yes,0.7145
Encoder_8,yes,0.2235
Encoder_8,yes,0.6338
Encoder_8,yes,0.667
Encoder_8,yes,0.5578
Encoder_8,yes,0.7113
Encoder_8,yes,0.8534
Encoder_8,yes,0.687
Encoder_8,yes,0.6226
Encoder_8,yes,0.8338
Encoder_8,yes,0.6952
Encoder_8,yes,0.7492
Encoder_8,yes,0.664
Encoder_8,yes,0.7571
Encoder_8,yes,0.5049
Encoder_8,yes,0.8585
Encoder_8,yes,0.35
Encoder_8,yes,0.5379
Encoder_8,yes,0.5301
Encoder_8,yes,0.7469
Encoder_8,yes,0.5044
Encoder_8,yes,0.448
Encoder_8,yes,0.3636
Encoder_8,yes,0.5978
Encoder_8,yes,0.6498
Encoder_8,yes,0.6392
Encoder_8,yes,0.7188
Encoder_8,yes,0.5106
Encoder_8,yes,0.7592
Encoder_8,yes,0.7844
Encoder_8,yes,0.4009
Encoder_8,yes,0.5449
Encoder_8,yes,0.7618
Encoder_8,yes,0.441
Encoder_8,yes,0.3936
Encoder_8,yes,0.7461
Encoder_8,yes,0.7602
Encoder_8,yes,0.6743
Encoder_8,yes,0.5074
Encoder_8,yes,0.6539
Encoder_8,yes,0.4787
Encoder_8,yes,0.5696
Encoder_8,yes,0.7345
Encoder_8,yes,0.6392
Encoder_8,yes,0.6397
Encoder_8,yes,0.5761
Encoder_8,yes,0.6729
Encoder_8,yes,0.4722
Encoder_8,yes,0.5283
Encoder_8,yes,0.6389
Encoder_8,yes,0.6244
Encoder_8,yes,0.6876
Encoder_8,yes,0.5895
Encoder_8,yes,0.6716
Encoder_8,yes,0.5674
Encoder_8,yes,0.7163
Encoder_8,yes,0.7081
Encoder_8,yes,0.6337
Encoder_8,yes,0.5231
Encoder_8,yes,0.4416
Encoder_8,yes,0.5632
Encoder_8,yes,0.6075
Encoder_8,yes,0.5309
Encoder_8,yes,0.6451
Encoder_8,yes,0.5542
Encoder_8,yes,0.4809
Encoder_8,yes,0.5336
Encoder_8,yes,0.6688
Encoder_8,yes,0.7803
Encoder_8,yes,0.6364
Encoder_8,yes,0.6248
Encoder_8,yes,0.3757
Encoder_8,yes,0.6878
Encoder_8,yes,0.6554
Encoder_8,yes,0.4547
Encoder_8,yes,0.6304
Encoder_8,yes,0.8207
Encoder_8,yes,0.6496
Encoder_8,yes,0.8133
Encoder_8,yes,0.6806
Encoder_8,yes,0.7174
Encoder_8,yes,0.5413
Encoder_8,yes,0.5683
Encoder_8,yes,0.7126
Encoder_8,yes,0.6095
Encoder_8,yes,0.63
Encoder_8,yes,0.3683
Encoder_8,yes,0.4964
Encoder_8,yes,0.5089
Encoder_8,yes,0.7946
Encoder_8,yes,0.5038
Encoder_8,yes,0.5113
Encoder_8,yes,0.3297
Encoder_8,yes,0.5407
Encoder_8,yes,0.561
Encoder_8,yes,0.7162
Encoder_8,yes,0.607
Encoder_8,yes,0.5207
Encoder_8,yes,0.4822
Encoder_8,yes,0.5712
Encoder_8,yes,0.6391
Encoder_8,yes,0.5398
Encoder_8,yes,0.5259
Encoder_8,yes,0.4686
Encoder_8,yes,0.6109
Encoder_8,yes,0.7259
Encoder_8,yes,0.6747
Encoder_8,yes,0.443
Encoder_8,yes,0.5293
Encoder_8,yes,0.3079
Encoder_8,yes,0.5281
Encoder_8,yes,0.6402
Encoder_8,yes,0.7867
Encoder_8,yes,0.7043
Encoder_8,yes,0.4636
Encoder_8,no,0.6714
Encoder_8,no,0.6683
Encoder_8,no,0.6431
Encoder_8,no,0.2588
Encoder_8,no,0.6379
Encoder_8,no,0.4816
Encoder_8,no,0.6332
Encoder_8,no,0.1677
Encoder_8,no,0.5935
Encoder_8,no,0.6339
Encoder_8,no,0.4088
Encoder_8,no,0.2885
Encoder_8,no,0.7104
Encoder_8,no,0.6028
Encoder_8,no,0.6246
Encoder_8,no,0.363
Encoder_8,no,0.3974
Encoder_8,no,0.7658
Encoder_8,no,0.6661
Encoder_8,no,0.4561
Encoder_8,no,0.7939
Encoder_8,no,0.5996
Encoder_8,no,0.3962
Encoder_8,no,0.5006
Encoder_8,no,0.5639
Encoder_8,no,0.4239
Encoder_8,no,0.7001
Encoder_8,no,0.7367
Encoder_8,no,0.4155
Encoder_8,no,0.3844
Encoder_8,no,0.3546
Encoder_8,no,0.4996
Encoder_8,no,0.5314
Encoder_8,no,0.1226
Encoder_8,no,0.4706
Encoder_8,no,0.4548
Encoder_8,no,0.362
Encoder_8,no,0.4761
Encoder_8,no,0.6338
Encoder_8,no,0.601
Encoder_8,no,0.344
Encoder_8,no,0.4817
Encoder_8,no,0.4345
Encoder_8,no,0.7145
Encoder_8,no,0.6222
Encoder_8,no,0.5396
Encoder_8,no,0.673
Encoder_8,no,0.4402
Encoder_8,no,0.4773
Encoder_8,no,0.6741
Encoder_8,no,0.434
Encoder_8,no,0.52
Encoder_8,no,0.5206
Encoder_8,no,0.5303
Encoder_8,no,0.4268
Encoder_8,no,0.539
Encoder_8,no,0.7684
Encoder_8,no,0.7597
Encoder_8,no,0.7528
Encoder_8,no,0.4065
Encoder_8,no,0.5755
Encoder_8,no,0.4786
Encoder_8,no,0.4909
Encoder_8,no,0.3271
Encoder_8,no,0.6438
Encoder_8,no,0.0933
Encoder_8,no,0.5576
Encoder_8,no,0.4366
Encoder_8,no,0.4908
Encoder_8,no,0.4497
Encoder_8,no,0.5253
Encoder_8,no,0.6067
Encoder_8,no,0.1696
Encoder_8,no,0.4663
Encoder_8,no,0.559
Encoder_8,no,0.5956
Encoder_8,no,0.4822
Encoder_8,no,0.2979
Encoder_8,no,0.6299
Encoder_8,no,0.3499
Encoder_8,no,0.3899
Encoder_8,no,0.5459
Encoder_8,no,0.7258
Encoder_8,no,0.4687
Encoder_8,no,0.7217
Encoder_8,no,0.8704
Encoder_8,no,0.6016
Encoder_8,no,0.3366
Encoder_8,no,0.2109
Encoder_8,no,0.5664
Encoder_8,no,0.5079
Encoder_8,no,0.4746
Encoder_8,no,0.5766
Encoder_8,no,0.4323
Encoder_8,no,0.4035
Encoder_8,no,0.6192
Encoder_8,no,0.8266
Encoder_8,no,0.4133
Encoder_8,no,0.6762
Encoder_8,no,0.6714
Encoder_8,no,0.6195
Encoder_8,no,0.3714
Encoder_8,no,0.4292
Encoder_8,no,0.7447
Encoder_8,no,0.3714
Encoder_8,no,0.3888
Encoder_8,no,0.5242
Encoder_8,no,0.5226
Encoder_8,no,0.2751
Encoder_8,no,0.4853
Encoder_8,no,0.479
Encoder_8,no,0.3254
Encoder_8,no,0.2485
Encoder_8,no,0.4902
Encoder_8,no,0.3738
Encoder_8,no,0.51
Encoder_8,no,0.8121
Encoder_8,no,0.1503
Encoder_8,no,0.5178
Encoder_8,no,0.4042
Encoder_8,no,0.0587
Encoder_8,no,0.7189
Encoder_8,no,0.5468
Encoder_8,no,0.4111
Encoder_8,no,0.4395
Encoder_8,no,0.7981
Encoder_8,no,0.6625
Encoder_8,no,0.3123
Encoder_8,no,0.5259
Encoder_8,no,0.6378
Encoder_8,no,0.4947
Encoder_8,no,0.3511
Encoder_8,no,0.4268
Encoder_8,no,0.3506
Encoder_8,no,0.4874
Encoder_8,no,0.3457
Encoder_8,no,0.5639
Encoder_8,no,0.5305
Encoder_8,no,0.6623
Encoder_8,no,0.52
Encoder_8,no,0.5434
Encoder_8,no,0.5779
Encoder_8,no,0.4769
Encoder_8,no,0.4414
Encoder_8,no,0.5572
Encoder_8,no,0.4865
Encoder_8,no,0.5102
Encoder_8,no,0.3011
Encoder_8,no,0.3739
Encoder_8,no,0.5413
Encoder_8,no,0.4013
Encoder_8,no,0.3599
Encoder_8,no,0.3028
Encoder_8,no,0.5134
Encoder_8,no,0.525
Encoder_8,no,0.7294
Encoder_8,no,0.5248
Encoder_8,no,0.4398
Encoder_8,no,0.562
Encoder_8,no,0.6097
Encoder_8,no,0.586
Encoder_8,no,0.5722
Encoder_8,no,0.4849
Encoder_8,no,0.3786
Encoder_8,no,0.8137
Encoder_8,no,0.4263
Encoder_8,no,0.7223
Encoder_8,no,0.5045
Encoder_8,no,0.3511
Encoder_8,no,0.6558
Encoder_8,no,0.2526
Encoder_8,no,0.495
Encoder_8,no,0.5754
Encoder_8,no,0.3978
Encoder_8,no,0.6513
Encoder_8,no,-0.0084
Encoder_8,no,0.5366
Encoder_8,no,0.3988
Encoder_8,no,0.4932
Encoder_8,no,0.3441
Encoder_8,no,0.5894
Encoder_8,no,0.6878
Encoder_8,no,0.47
Encoder_8,no,0.5245
Encoder_8,no,0.5502
Encoder_8,no,0.8054
Encoder_8,no,0.4855
Encoder_8,no,0.5401
Encoder_8,no,0.5239
Encoder_8,no,0.6822
Encoder_8,no,0.5737
Encoder_8,no,0.6164
Encoder_8,no,0.5101
Encoder_8,no,0.4416
Encoder_8,no,0.8748
Encoder_8,no,0.7336
Encoder_8,no,0.3221
Encoder_8,no,0.5906
Encoder_8,no,0.2102
Encoder_8,no,0.4843
Encoder_8,no,0.3841
Encoder_8,no,0.5037
Encoder_8,no,0.6326
Encoder_8,no,0.3431
Encoder_8,no,0.2541
Encoder_8,no,0.418
Encoder_8,no,0.3195
Encoder_8,no,0.5678
Encoder_8,no,0.395
Encoder_8,no,0.7482
Encoder_8,no,0.624
Encoder_8,no,0.5294
Encoder_8,no,0.4608
Encoder_8,no,0.4356
Encoder_8,no,0.3941
Encoder_8,no,0.5679
Encoder_8,no,0.2907
Encoder_8,no,0.7449
Encoder_8,no,0.5658
Encoder_8,no,0.2387
Encoder_8,no,0.7144
Encoder_8,no,0.3668
Encoder_8,no,0.4472
Encoder_8,no,0.2708
Encoder_8,no,0.833
Encoder_8,no,0.3099
Encoder_8,no,0.5421
Encoder_8,no,0.4924
Encoder_8,no,0.3376
Encoder_8,no,0.5807
Encoder_8,no,0.4555
Encoder_8,no,0.5069
Encoder_8,no,0.3526
Encoder_8,no,0.1668
Encoder_8,no,0.5462
Encoder_8,no,0.4717
Encoder_8,no,0.4722
Encoder_8,no,0.5177
Encoder_8,no,0.7853
Encoder_8,no,0.4572
Encoder_8,no,0.6238
Encoder_8,no,0.2559
Encoder_8,no,0.6096
Encoder_8,no,0.1459
Encoder_8,no,0.3823
Encoder_8,no,0.2416
Encoder_8,no,0.5422
Encoder_8,no,0.2767
Encoder_8,no,0.3795
Encoder_8,no,0.554
Encoder_8,no,0.4604
Encoder_8,no,0.4159
Encoder_8,no,0.6059
Encoder_8,no,0.4064
Encoder_8,no,0.5686
Encoder_8,no,0.1747
Encoder_8,no,0.7576
Encoder_8,no,0.4704
Encoder_8,no,0.6725
Encoder_8,no,0.3763
Encoder_8,no,0.4074
Encoder_8,no,0.5383
Encoder_8,no,0.5579
Encoder_8,no,0.6115
Encoder_8,no,0.2445
Encoder_8,no,0.6192
Encoder_8,no,0.4474
Encoder_8,no,0.3146
Encoder_8,no,0.5168
Encoder_8,no,0.4116
Encoder_8,no,0.3489
Encoder_8,no,0.593
Encoder_8,no,0.4388
Encoder_8,no,0.4125
Encoder_8,no,0.4757
Encoder_8,no,0.7286
Encoder_8,no,0.5082
Encoder_8,no,0.5876
Encoder_8,no,0.4184
Encoder_8,no,0.4653
Encoder_8,no,0.5732
Encoder_8,no,0.3917
Encoder_8,no,0.3304
Encoder_8,no,0.5558
Encoder_8,no,0.607
Encoder_8,no,0.1257
Encoder_8,no,0.4023
Encoder_8,no,0.2725
Encoder_8,no,0.0789
Encoder_8,no,0.5719
Encoder_8,no,0.108
Encoder_8,no,0.6474
Encoder_8,no,0.6703
Encoder_8,no,0.2385
Encoder_8,no,0.516
Encoder_8,no,0.4275
Encoder_8,no,0.4061
Encoder_8,no,0.4656
Encoder_8,no,0.4649
Encoder_8,no,0.5258
Decoder_0,yes,0.7706
Decoder_0,yes,0.6611
Decoder_0,yes,0.7075
Decoder_0,yes,0.8199
Decoder_0,yes,0.7163
Decoder_0,yes,0.814
Decoder_0,yes,0.4451
Decoder_0,yes,0.7497
Decoder_0,yes,0.5291
Decoder_0,yes,0.633
Decoder_0,yes,0.6766
Decoder_0,yes,0.7699
Decoder_0,yes,0.8094
Decoder_0,yes,0.5016
Decoder_0,yes,0.7061
Decoder_0,yes,0.6013
Decoder_0,yes,0.7436
Decoder_0,yes,0.6383
Decoder_0,yes,0.6614
Decoder_0,yes,0.7042
Decoder_0,yes,0.7429
Decoder_0,yes,0.8024
Decoder_0,yes,0.8078
Decoder_0,yes,0.6323
Decoder_0,yes,0.6781
Decoder_0,yes,0.7711
Decoder_0,yes,0.7465
Decoder_0,yes,0.6832
Decoder_0,yes,0.7374
Decoder_0,yes,0.5431
Decoder_0,yes,0.4949
Decoder_0,yes,0.8648
Decoder_0,yes,0.5787
Decoder_0,yes,0.4052
Decoder_0,yes,0.4962
Decoder_0,yes,0.514
Decoder_0,yes,0.6342
Decoder_0,yes,0.6984
Decoder_0,yes,0.5228
Decoder_0,yes,0.7912
Decoder_0,yes,0.6641
Decoder_0,yes,0.7531
Decoder_0,yes,0.6499
Decoder_0,yes,0.8773
Decoder_0,yes,0.5156
Decoder_0,yes,0.6844
Decoder_0,yes,0.601
Decoder_0,yes,0.8086
Decoder_0,yes,0.6179
Decoder_0,yes,0.632
Decoder_0,yes,0.6866
Decoder_0,yes,0.6943
Decoder_0,yes,0.6455
Decoder_0,yes,0.5158
Decoder_0,yes,0.6989
Decoder_0,yes,0.7635
Decoder_0,yes,0.7605
Decoder_0,yes,0.6731
Decoder_0,yes,0.8321
Decoder_0,yes,0.792
Decoder_0,yes,0.7562
Decoder_0,yes,0.7201
Decoder_0,yes,0.7706
Decoder_0,yes,0.6601
Decoder_0,no,0.8688
Decoder_0,no,0.6858
Decoder_0,no,0.6526
Decoder_0,no,0.7688
Decoder_0,no,0.7115
Decoder_0,no,0.7238
Decoder_0,no,0.6265
Decoder_0,no,0.5512
Decoder_0,no,0.488
Decoder_0,no,0.7424
Decoder_0,no,0.6022
Decoder_0,no,0.8164
Decoder_0,no,0.6978
Decoder_0,no,0.8044
Decoder_0,no,0.5807
Decoder_0,no,0.8199
Decoder_0,no,0.6513
Decoder_0,no,0.776
Decoder_0,no,0.6016
Decoder_0,no,0.7294
Decoder_0,no,0.5105
Decoder_0,no,0.5349
Decoder_0,no,0.7385
Decoder_0,no,0.7508
Decoder_0,no,0.6337
Decoder_0,no,0.4879
Decoder_0,no,0.5277
Decoder_0,no,0.6853
Decoder_0,no,0.6336
Decoder_0,no,0.7177
Decoder_0,no,0.7922
Decoder_0,no,0.6972
Decoder_0,no,0.7499
Decoder_0,no,0.6642
Decoder_0,no,0.5654
Decoder_0,no,0.5046
Decoder_0,no,0.758
Decoder_0,no,0.7565
Decoder_0,no,0.5566
Decoder_0,no,0.6205
Decoder_0,no,0.5948
Decoder_0,no,0.8187
Decoder_0,no,0.5659
Decoder_0,no,0.6654
Decoder_0,no,0.5677
Decoder_0,no,0.5294
Decoder_0,no,0.7944
Decoder_0,no,0.8477
Decoder_0,no,0.5465
Decoder_0,no,0.6525
Decoder_0,no,0.6446
Decoder_0,no,0.7499
Decoder_0,no,0.4714
Decoder_0,no,0.6747
Decoder_0,no,0.4093
Decoder_0,no,0.4316
Decoder_0,no,0.7023
Decoder_0,no,0.5822
Decoder_0,no,0.5735
Decoder_0,no,0.3994
Decoder_0,no,0.6597
Decoder_0,no,0.282
Decoder_0,no,0.5114
Decoder_0,no,0.5806
Decoder_4,yes,0.767
Decoder_4,yes,0.6986
Decoder_4,yes,0.4804
Decoder_4,yes,0.6727
Decoder_4,yes,-0.0977
Decoder_4,yes,0.4243
Decoder_4,yes,0.3457
Decoder_4,yes,0.6738
Decoder_4,yes,0.5387
Decoder_4,yes,0.4626
Decoder_4,yes,0.5732
Decoder_4,yes,0.7032
Decoder_4,yes,0.1712
Decoder_4,yes,0.7356
Decoder_4,yes,0.8084
Decoder_4,yes,-0.1076
Decoder_4,yes,0.6833
Decoder_4,yes,0.3338
Decoder_4,yes,0.6976
Decoder_4,yes,0.796
Decoder_4,yes,0.8328
Decoder_4,yes,0.5472
Decoder_4,yes,0.6277
Decoder_4,yes,0.7453
Decoder_4,yes,0.5354
Decoder_4,yes,-0.0505
Decoder_4,yes,0.2852
Decoder_4,yes,0.5669
Decoder_4,yes,0.6873
Decoder_4,yes,0.24
Decoder_4,yes,0.8297
Decoder_4,yes,0.8284
Decoder_4,yes,0.3927
Decoder_4,yes,0.5257
Decoder_4,yes,0.675
Decoder_4,yes,0.9461
Decoder_4,yes,0.8091
Decoder_4,yes,0.5677
Decoder_4,yes,0.7588
Decoder_4,yes,0.7085
Decoder_4,yes,0.7053
Decoder_4,yes,0.7618
Decoder_4,yes,0.799
Decoder_4,yes,0.8405
Decoder_4,yes,0.4886
Decoder_4,yes,0.4605
Decoder_4,yes,0.7905
Decoder_4,yes,0.5221
Decoder_4,yes,0.75
Decoder_4,yes,-0.1192
Decoder_4,yes,0.65
Decoder_4,yes,0.8561
Decoder_4,yes,0.7469
Decoder_4,yes,0.755
Decoder_4,yes,0.7551
Decoder_4,yes,0.7147
Decoder_4,yes,0.3497
Decoder_4,yes,0.8809
Decoder_4,yes,0.7857
Decoder_4,yes,0.5595
Decoder_4,yes,0.875
Decoder_4,yes,0.6547
Decoder_4,yes,0.5996
Decoder_4,yes,0.6918
Decoder_4,yes,0.5455
Decoder_4,yes,0.8253
Decoder_4,yes,0.7596
Decoder_4,yes,0.8603
Decoder_4,yes,0.8897
Decoder_4,yes,0.6171
Decoder_4,yes,0.2256
Decoder_4,yes,0.7895
Decoder_4,yes,0.7674
Decoder_4,yes,0.6664
Decoder_4,yes,0.7896
Decoder_4,yes,0.6645
Decoder_4,yes,0.7946
Decoder_4,yes,0.4476
Decoder_4,yes,0.7088
Decoder_4,yes,0.8242
Decoder_4,yes,0.2627
Decoder_4,yes,0.6405
Decoder_4,yes,0.5877
Decoder_4,yes,0.7019
Decoder_4,yes,0.6132
Decoder_4,yes,0.4746
Decoder_4,yes,0.7264
Decoder_4,yes,0.5228
Decoder_4,yes,0.7563
Decoder_4,yes,0.842
Decoder_4,yes,0.732
Decoder_4,yes,0.1325
Decoder_4,yes,0.38
Decoder_4,yes,0.5364
Decoder_4,yes,0.8419
Decoder_4,yes,0.6634
Decoder_4,yes,0.6754
Decoder_4,yes,0.8968
Decoder_4,yes,0.7405
Decoder_4,yes,0.6171
Decoder_4,yes,0.8585
Decoder_4,yes,0.6226
Decoder_4,yes,0.7863
Decoder_4,yes,0.9163
Decoder_4,yes,0.6309
Decoder_4,yes,0.6048
Decoder_4,yes,0.7198
Decoder_4,yes,0.6452
Decoder_4,yes,0.718
Decoder_4,yes,0.7368
Decoder_4,yes,0.5682
Decoder_4,yes,0.4625
Decoder_4,yes,0.9237
Decoder_4,yes,0.598
Decoder_4,yes,0.9282
Decoder_4,yes,0.6171
Decoder_4,yes,0.7347
Decoder_4,yes,0.1064
Decoder_4,yes,0.6226
Decoder_4,yes,0.4209
Decoder_4,yes,0.5892
Decoder_4,yes,0.4612
Decoder_4,yes,0.6635
Decoder_4,yes,0.3114
Decoder_4,yes,0.8223
Decoder_4,yes,0.6286
Decoder_4,yes,0.6806
Decoder_4,yes,0.67
Decoder_4,yes,0.5406
Decoder_4,yes,0.5509
Decoder_4,yes,0.6494
Decoder_4,yes,0.7993
Decoder_4,yes,-0.09
Decoder_4,yes,0.692
Decoder_4,yes,0.0332
Decoder_4,yes,0.8016
Decoder_4,yes,0.7562
Decoder_4,yes,0.8013
Decoder_4,yes,0.7065
Decoder_4,yes,0.8001
Decoder_4,yes,0.584
Decoder_4,yes,0.7893
Decoder_4,yes,0.9055
Decoder_4,yes,0.67
Decoder_4,yes,0.5822
Decoder_4,yes,0.6859
Decoder_4,yes,0.7548
Decoder_4,yes,0.8562
Decoder_4,yes,0.6707
Decoder_4,yes,0.7828
Decoder_4,yes,0.1546
Decoder_4,yes,0.8106
Decoder_4,yes,0.7076
Decoder_4,yes,0.6167
Decoder_4,yes,0.5538
Decoder_4,yes,0.856
Decoder_4,yes,0.8506
Decoder_4,yes,0.3047
Decoder_4,yes,0.5676
Decoder_4,yes,0.7636
Decoder_4,yes,0.5045
Decoder_4,yes,0.6132
Decoder_4,yes,0.659
Decoder_4,yes,0.7325
Decoder_4,yes,0.734
Decoder_4,yes,0.8217
Decoder_4,yes,0.4102
Decoder_4,yes,0.8287
Decoder_4,yes,0.2124
Decoder_4,yes,0.6507
Decoder_4,yes,0.8319
Decoder_4,yes,0.8956
Decoder_4,yes,0.8522
Decoder_4,yes,0.6168
Decoder_4,yes,0.5773
Decoder_4,yes,0.3339
Decoder_4,yes,0.7013
Decoder_4,yes,0.7098
Decoder_4,yes,0.5705
Decoder_4,yes,0.5991
Decoder_4,yes,-0.4384
Decoder_4,yes,0.3727
Decoder_4,yes,0.6989
Decoder_4,yes,0.7199
Decoder_4,yes,0.6847
Decoder_4,yes,0.6478
Decoder_4,yes,0.8498
Decoder_4,yes,0.8011
Decoder_4,yes,0.7824
Decoder_4,yes,0.7839
Decoder_4,yes,0.8107
Decoder_4,yes,0.6631
Decoder_4,yes,0.6332
Decoder_4,yes,0.7906
Decoder_4,yes,0.6222
Decoder_4,yes,0.724
Decoder_4,yes,0.8757
Decoder_4,yes,0.8066
Decoder_4,yes,0.7297
Decoder_4,yes,0.5648
Decoder_4,yes,0.8349
Decoder_4,yes,0.6186
Decoder_4,yes,0.5716
Decoder_4,yes,0.8941
Decoder_4,yes,0.6915
Decoder_4,yes,0.5553
Decoder_4,yes,0.6837
Decoder_4,yes,0.6775
Decoder_4,yes,-0.1232
Decoder_4,yes,0.4424
Decoder_4,yes,0.7792
Decoder_4,yes,0.7475
Decoder_4,yes,0.6469
Decoder_4,yes,0.777
Decoder_4,yes,0.7386
Decoder_4,yes,0.8125
Decoder_4,yes,0.8495
Decoder_4,yes,0.7847
Decoder_4,yes,0.7596
Decoder_4,yes,0.727
Decoder_4,yes,0.7257
Decoder_4,yes,-0.0703
Decoder_4,yes,0.723
Decoder_4,yes,0.6537
Decoder_4,yes,0.7005
Decoder_4,yes,0.7041
Decoder_4,yes,0.817
Decoder_4,yes,0.5901
Decoder_4,yes,0.6408
Decoder_4,yes,0.6164
Decoder_4,yes,0.6621
Decoder_4,yes,0.8233
Decoder_4,yes,0.7268
Decoder_4,yes,0.5168
Decoder_4,yes,0.7389
Decoder_4,yes,-0.4434
Decoder_4,yes,0.8041
Decoder_4,yes,0.5946
Decoder_4,yes,-0.3739
Decoder_4,yes,0.8398
Decoder_4,yes,0.8999
Decoder_4,yes,0.9341
Decoder_4,yes,0.3762
Decoder_4,yes,0.7639
Decoder_4,yes,0.785
Decoder_4,yes,0.7774
Decoder_4,yes,0.206
Decoder_4,yes,0.6373
Decoder_4,yes,0.0184
Decoder_4,yes,0.036
Decoder_4,yes,0.8367
Decoder_4,yes,0.7304
Decoder_4,yes,0.606
Decoder_4,yes,0.8382
Decoder_4,yes,0.5602
Decoder_4,yes,0.5423
Decoder_4,yes,0.8672
Decoder_4,yes,0.6054
Decoder_4,yes,0.4748
Decoder_4,yes,0.6689
Decoder_4,yes,0.6852
Decoder_4,yes,0.5761
Decoder_4,yes,0.702
Decoder_4,yes,0.485
Decoder_4,yes,0.6472
Decoder_4,yes,0.6822
Decoder_4,yes,0.6773
Decoder_4,yes,0.5829
Decoder_4,yes,0.6431
Decoder_4,yes,0.7724
Decoder_4,yes,0.6388
Decoder_4,yes,0.4945
Decoder_4,yes,0.4471
Decoder_4,yes,0.6913
Decoder_4,yes,0.6803
Decoder_4,yes,0.8431
Decoder_4,yes,0.7664
Decoder_4,yes,0.8664
Decoder_4,yes,0.6293
Decoder_4,yes,0.6432
Decoder_4,yes,0.72
Decoder_4,yes,0.6765
Decoder_4,yes,0.6316
Decoder_4,yes,0.6595
Decoder_4,yes,-0.3265
Decoder_4,yes,0.5119
Decoder_4,yes,0.7459
Decoder_4,yes,0.7465
Decoder_4,yes,0.4523
Decoder_4,yes,0.821
Decoder_4,yes,0.7562
Decoder_4,yes,0.5188
Decoder_4,yes,0.6106
Decoder_4,yes,0.8659
Decoder_4,yes,0.6975
Decoder_4,yes,0.8421
Decoder_4,yes,0.8001
Decoder_4,yes,0.7609
Decoder_4,yes,0.8236
Decoder_4,yes,0.7242
Decoder_4,no,0.5958
Decoder_4,no,0.6577
Decoder_4,no,0.7269
Decoder_4,no,0.4173
Decoder_4,no,0.5052
Decoder_4,no,0.4472
Decoder_4,no,0.4564
Decoder_4,no,0.2323
Decoder_4,no,0.6595
Decoder_4,no,0.3694
Decoder_4,no,0.6145
Decoder_4,no,0.547
Decoder_4,no,0.4889
Decoder_4,no,0.1125
Decoder_4,no,0.7131
Decoder_4,no,0.6807
Decoder_4,no,0.6001
Decoder_4,no,0.6747
Decoder_4,no,0.6242
Decoder_4,no,0.3988
Decoder_4,no,0.0211
Decoder_4,no,0.4385
Decoder_4,no,0.7073
Decoder_4,no,0.5389
Decoder_4,no,0.0996
Decoder_4,no,0.2496
Decoder_4,no,0.4751
Decoder_4,no,0.2851
Decoder_4,no,0.5107
Decoder_4,no,0.5781
Decoder_4,no,0.2157
Decoder_4,no,0.336
Decoder_4,no,0.6243
Decoder_4,no,0.2612
Decoder_4,no,0.4206
Decoder_4,no,0.4026
Decoder_4,no,-0.0168
Decoder_4,no,0.434
Decoder_4,no,0.5633
Decoder_4,no,0.6504
Decoder_4,no,0.4806
Decoder_4,no,0.5145
Decoder_4,no,0.5872
Decoder_4,no,0.4262
Decoder_4,no,0.3197
Decoder_4,no,0.4745
Decoder_4,no,0.3374
Decoder_4,no,0.5231
Decoder_4,no,0.6254
Decoder_4,no,0.703
Decoder_4,no,0.575
Decoder_4,no,0.5293
Decoder_4,no,0.5142
Decoder_4,no,0.3573
Decoder_4,no,0.5425
Decoder_4,no,0.3868
Decoder_4,no,0.4283
Decoder_4,no,0.5688
Decoder_4,no,0.4538
Decoder_4,no,0.6296
Decoder_4,no,0.6256
Decoder_4,no,0.4617
Decoder_4,no,0.4089
Decoder_4,no,0.8183
Decoder_4,no,0.4463
Decoder_4,no,0.6604
Decoder_4,no,0.472
Decoder_4,no,0.4034
Decoder_4,no,0.5195
Decoder_4,no,0.1958
Decoder_4,no,0.5964
Decoder_4,no,0.7282
Decoder_4,no,0.3769
Decoder_4,no,0.5588
Decoder_4,no,0.4739
Decoder_4,no,0.6324
Decoder_4,no,0.6303
Decoder_4,no,0.6486
Decoder_4,no,0.4596
Decoder_4,no,0.3554
Decoder_4,no,0.6454
Decoder_4,no,0.4087
Decoder_4,no,0.2635
Decoder_4,no,0.6232
Decoder_4,no,0.6414
Decoder_4,no,0.2582
Decoder_4,no,0.4173
Decoder_4,no,0.5869
Decoder_4,no,0.5754
Decoder_4,no,0.3911
Decoder_4,no,0.3788
Decoder_4,no,0.4824
Decoder_4,no,0.4737
Decoder_4,no,0.2256
Decoder_4,no,0.6695
Decoder_4,no,0.5382
Decoder_4,no,0.3441
Decoder_4,no,0.6075
Decoder_4,no,0.5653
Decoder_4,no,0.7593
Decoder_4,no,0.4029
Decoder_4,no,-0.0046
Decoder_4,no,0.3666
Decoder_4,no,0.1698
Decoder_4,no,0.7182
Decoder_4,no,0.3691
Decoder_4,no,0.5543
Decoder_4,no,0.5434
Decoder_4,no,0.4616
Decoder_4,no,0.2209
Decoder_4,no,0.5199
Decoder_4,no,0.4233
Decoder_4,no,0.4748
Decoder_4,no,0.5271
Decoder_4,no,0.1623
Decoder_4,no,0.1809
Decoder_4,no,0.7297
Decoder_4,no,0.6033
Decoder_4,no,0.5436
Decoder_4,no,0.3965
Decoder_4,no,0.5173
Decoder_4,no,0.5926
Decoder_4,no,0.2632
Decoder_4,no,0.5859
Decoder_4,no,0.3717
Decoder_4,no,0.5148
Decoder_4,no,-0.3025
Decoder_4,no,0.6163
Decoder_4,no,0.5767
Decoder_4,no,0.475
Decoder_4,no,0.6377
Decoder_4,no,0.1666
Decoder_4,no,0.4872
Decoder_4,no,0.3892
Decoder_4,no,0.6249
Decoder_4,no,0.5141
Decoder_4,no,0.3336
Decoder_4,no,0.384
Decoder_4,no,0.1698
Decoder_4,no,0.3592
Decoder_4,no,0.4321
Decoder_4,no,0.4004
Decoder_4,no,0.632
Decoder_4,no,0.864
Decoder_4,no,0.6038
Decoder_4,no,0.4597
Decoder_4,no,0.3932
Decoder_4,no,0.592
Decoder_4,no,0.0086
Decoder_4,no,0.5997
Decoder_4,no,0.4904
Decoder_4,no,0.5296
Decoder_4,no,0.7795
Decoder_4,no,0.492
Decoder_4,no,0.1915
Decoder_4,no,0.6111
Decoder_4,no,0.5127
Decoder_4,no,0.4543
Decoder_4,no,0.7818
Decoder_4,no,0.772
Decoder_4,no,0.496
Decoder_4,no,0.5331
Decoder_4,no,0.6047
Decoder_4,no,0.6531
Decoder_4,no,0.5045
Decoder_4,no,0.2017
Decoder_4,no,0.4135
Decoder_4,no,0.4004
Decoder_4,no,0.596
Decoder_4,no,0.5146
Decoder_4,no,0.2847
Decoder_4,no,0.1885
Decoder_4,no,0.6991
Decoder_4,no,0.4511
Decoder_4,no,0.6557
Decoder_4,no,0.6146
Decoder_4,no,0.5065
Decoder_4,no,0.2104
Decoder_4,no,-0.0908
Decoder_4,no,0.7155
Decoder_4,no,0.4312
Decoder_4,no,0.6468
Decoder_4,no,0.3091
Decoder_4,no,0.5963
Decoder_4,no,0.4865
Decoder_4,no,0.3724
Decoder_4,no,0.6384
Decoder_4,no,0.627
Decoder_4,no,0.662
Decoder_4,no,0.6401
Decoder_4,no,0.7326
Decoder_4,no,0.5814
Decoder_4,no,0.4038
Decoder_4,no,0.5747
Decoder_4,no,0.8094
Decoder_4,no,0.4924
Decoder_4,no,0.1957
Decoder_4,no,0.4221
Decoder_4,no,0.1653
Decoder_4,no,0.6518
Decoder_4,no,0.273
Decoder_4,no,0.4869
Decoder_4,no,0.1815
Decoder_4,no,0.5948
Decoder_4,no,0.3411
Decoder_4,no,0.648
Decoder_4,no,0.4659
Decoder_4,no,0.4331
Decoder_4,no,0.7791
Decoder_4,no,0.5955
Decoder_4,no,0.529
Decoder_4,no,0.4745
Decoder_4,no,0.6382
Decoder_4,no,0.3276
Decoder_4,no,0.6126
Decoder_4,no,0.6547
Decoder_4,no,0.557
Decoder_4,no,0.6758
Decoder_4,no,0.4266
Decoder_4,no,0.6874
Decoder_4,no,0.5097
Decoder_4,no,0.3234
Decoder_4,no,0.1734
Decoder_4,no,0.4324
Decoder_4,no,0.2751
Decoder_4,no,0.5814
Decoder_4,no,0.5671
Decoder_4,no,0.6396
Decoder_4,no,0.6261
Decoder_4,no,0.7234
Decoder_4,no,0.5593
Decoder_4,no,0.5052
Decoder_4,no,0.5542
Decoder_4,no,0.6381
Decoder_4,no,0.2885
Decoder_4,no,0.3604
Decoder_4,no,0.607
Decoder_4,no,0.429
Decoder_4,no,0.5422
Decoder_4,no,0.466
Decoder_4,no,0.5615
Decoder_4,no,0.5136
Decoder_4,no,0.7062
Decoder_4,no,0.5691
Decoder_4,no,0.6272
Decoder_4,no,0.5114
Decoder_4,no,0.4623
Decoder_4,no,0.6257
Decoder_4,no,0.438
Decoder_4,no,0.538
Decoder_4,no,0.5904
Decoder_4,no,0.6971
Decoder_4,no,0.3744
Decoder_4,no,0.7975
Decoder_4,no,0.5073
Decoder_4,no,0.4375
Decoder_4,no,0.4104
Decoder_4,no,0.7216
Decoder_4,no,0.6695
Decoder_4,no,0.3061
Decoder_4,no,0.5328
Decoder_4,no,0.4784
Decoder_4,no,0.814
Decoder_4,no,0.0737
Decoder_4,no,0.2537
Decoder_4,no,0.5148
Decoder_4,no,0.3165
Decoder_4,no,0.5567
Decoder_4,no,0.4857
Decoder_4,no,0.1612
Decoder_4,no,0.3771
Decoder_4,no,0.5329
Decoder_4,no,0.0887
Decoder_4,no,0.6708
Decoder_4,no,0.5692
Decoder_4,no,0.6587
Decoder_4,no,0.3563
Decoder_4,no,0.2675
Decoder_4,no,0.7801
Decoder_4,no,0.5318
Decoder_4,no,0.64
Decoder_4,no,0.6941
Decoder_4,no,0.5413
Decoder_4,no,0.3111
Decoder_4,no,0.5408
Decoder_4,no,0.5091
Decoder_4,no,0.6545
Decoder_4,no,0.6566
Decoder_4,no,0.6667
Decoder_4,no,0.4881
Decoder_4,no,0.4723
Decoder_4,no,0.6226
Decoder_4,no,0.3163
Decoder_4,no,0.4856
Decoder_4,no,0.6217
Decoder_4,no,0.4945
Decoder_4,no,0.6105
Decoder_4,no,0.1907
Decoder_4,no,0.4959
Decoder_4,no,0.6096
Decoder_8,yes,0.7673
Decoder_8,yes,0.7
Decoder_8,yes,0.54
Decoder_8,yes,0.058
Decoder_8,yes,0.7295
Decoder_8,yes,0.349
Decoder_8,yes,0.6962
Decoder_8,yes,0.8301
Decoder_8,yes,0.816
Decoder_8,yes,0.4251
Decoder_8,yes,0.6992
Decoder_8,yes,0.6741
Decoder_8,yes,0.8119
Decoder_8,yes,0.6879
Decoder_8,yes,0.6492
Decoder_8,yes,0.6505
Decoder_8,yes,0.1872
Decoder_8,yes,0.8125
Decoder_8,yes,0.8644
Decoder_8,yes,0.6196
Decoder_8,yes,0.8053
Decoder_8,yes,0.8238
Decoder_8,yes,0.0675
Decoder_8,yes,0.6095
Decoder_8,yes,0.2311
Decoder_8,yes,0.7164
Decoder_8,yes,-0.5588
Decoder_8,yes,0.6788
Decoder_8,yes,-0.426
Decoder_8,yes,-0.534
Decoder_8,yes,0.543
Decoder_8,yes,0.3844
Decoder_8,yes,0.4402
Decoder_8,yes,0.5689
Decoder_8,yes,0.8211
Decoder_8,yes,0.4977
Decoder_8,yes,0.6384
Decoder_8,yes,-0.346
Decoder_8,yes,0.0976
Decoder_8,yes,0.8911
Decoder_8,yes,0.1915
Decoder_8,yes,0.3644
Decoder_8,yes,0.7761
Decoder_8,yes,-0.1427
Decoder_8,yes,0.5609
Decoder_8,yes,0.5828
Decoder_8,yes,0.8395
Decoder_8,yes,0.5818
Decoder_8,yes,0.1956
Decoder_8,yes,-0.1327
Decoder_8,yes,0.8576
Decoder_8,yes,0.7532
Decoder_8,yes,0.5567
Decoder_8,yes,0.6853
Decoder_8,yes,-0.4267
Decoder_8,yes,0.648
Decoder_8,yes,0.6012
Decoder_8,yes,0.7623
Decoder_8,yes,0.3908
Decoder_8,yes,0.7331
Decoder_8,yes,0.6239
Decoder_8,yes,0.5593
Decoder_8,yes,0.5931
Decoder_8,yes,0.483
Decoder_8,yes,0.4283
Decoder_8,yes,0.8536
Decoder_8,yes,0.7846
Decoder_8,yes,0.8984
Decoder_8,yes,0.5987
Decoder_8,yes,0.9145
Decoder_8,yes,0.786
Decoder_8,yes,0.5895
Decoder_8,yes,0.0597
Decoder_8,yes,0.8481
Decoder_8,yes,0.4824
Decoder_8,yes,0.6918
Decoder_8,yes,0.8067
Decoder_8,yes,0.7903
Decoder_8,yes,0.4668
Decoder_8,yes,0.8647
Decoder_8,yes,-0.489
Decoder_8,yes,0.8081
Decoder_8,yes,0.5551
Decoder_8,yes,0.0995
Decoder_8,yes,0.6495
Decoder_8,yes,0.7951
Decoder_8,yes,-0.6497
Decoder_8,yes,0.4731
Decoder_8,yes,0.7276
Decoder_8,yes,-0.1144
Decoder_8,yes,0.5162
Decoder_8,yes,0.5604
Decoder_8,yes,0.7756
Decoder_8,yes,0.8158
Decoder_8,yes,0.7339
Decoder_8,yes,-0.156
Decoder_8,yes,0.8138
Decoder_8,yes,0.8926
Decoder_8,yes,0.6492
Decoder_8,yes,0.3858
Decoder_8,yes,0.4124
Decoder_8,yes,0.7635
Decoder_8,yes,0.7782
Decoder_8,yes,0.1764
Decoder_8,yes,0.614
Decoder_8,yes,0.7095
Decoder_8,yes,0.3501
Decoder_8,yes,0.6964
Decoder_8,yes,0.7757
Decoder_8,yes,0.7467
Decoder_8,yes,0.4222
Decoder_8,yes,0.5074
Decoder_8,yes,0.7576
Decoder_8,yes,0.7808
Decoder_8,yes,0.0503
Decoder_8,yes,-0.284
Decoder_8,yes,0.6278
Decoder_8,yes,0.6468
Decoder_8,yes,0.6601
Decoder_8,yes,0.5559
Decoder_8,yes,0.7127
Decoder_8,yes,0.3931
Decoder_8,yes,0.3663
Decoder_8,yes,0.7408
Decoder_8,yes,0.3864
Decoder_8,yes,0.8217
Decoder_8,yes,0.2048
Decoder_8,yes,0.6186
Decoder_8,yes,0.8569
Decoder_8,yes,0.8447
Decoder_8,yes,0.7097
Decoder_8,yes,0.36
Decoder_8,yes,0.7443
Decoder_8,yes,0.5226
Decoder_8,yes,0.8607
Decoder_8,yes,0.5338
Decoder_8,yes,-0.1973
Decoder_8,yes,-0.1803
Decoder_8,yes,0.177
Decoder_8,yes,-0.2431
Decoder_8,yes,0.6356
Decoder_8,yes,0.6153
Decoder_8,yes,0.698
Decoder_8,yes,0.5855
Decoder_8,yes,0.7465
Decoder_8,yes,-0.6334
Decoder_8,yes,0.8298
Decoder_8,yes,0.8054
Decoder_8,yes,0.6834
Decoder_8,yes,0.6423
Decoder_8,yes,0.5096
Decoder_8,yes,0.779
Decoder_8,yes,0.8276
Decoder_8,yes,0.5309
Decoder_8,yes,0.7461
Decoder_8,yes,0.7579
Decoder_8,yes,0.5119
Decoder_8,yes,0.5119
Decoder_8,yes,0.5987
Decoder_8,yes,0.5458
Decoder_8,yes,0.9056
Decoder_8,yes,0.505
Decoder_8,yes,0.8234
Decoder_8,yes,0.4894
Decoder_8,yes,0.6839
Decoder_8,yes,-0.2278
Decoder_8,yes,0.3902
Decoder_8,yes,0.7642
Decoder_8,yes,0.4241
Decoder_8,yes,0.2439
Decoder_8,yes,0.5811
Decoder_8,yes,0.3462
Decoder_8,yes,0.6208
Decoder_8,yes,0.7777
Decoder_8,yes,0.7256
Decoder_8,yes,0.8122
Decoder_8,yes,0.7566
Decoder_8,yes,-0.2141
Decoder_8,yes,0.754
Decoder_8,yes,0.637
Decoder_8,yes,0.7971
Decoder_8,yes,0.7972
Decoder_8,yes,-0.3636
Decoder_8,yes,-0.0167
Decoder_8,yes,0.8406
Decoder_8,yes,0.6852
Decoder_8,yes,0.8602
Decoder_8,yes,0.499
Decoder_8,yes,0.6117
Decoder_8,yes,0.611
Decoder_8,yes,0.6755
Decoder_8,yes,0.4864
Decoder_8,yes,0.8785
Decoder_8,yes,0.6148
Decoder_8,yes,0.8693
Decoder_8,yes,0.7081
Decoder_8,yes,0.0637
Decoder_8,yes,0.4974
Decoder_8,yes,0.2803
Decoder_8,yes,0.0206
Decoder_8,yes,0.3901
Decoder_8,yes,-0.529
Decoder_8,yes,0.7296
Decoder_8,yes,0.6462
Decoder_8,yes,-0.171
Decoder_8,yes,0.4955
Decoder_8,yes,0.7215
Decoder_8,yes,0.8009
Decoder_8,yes,0.3882
Decoder_8,yes,-0.3641
Decoder_8,yes,0.5981
Decoder_8,yes,0.7713
Decoder_8,yes,0.7666
Decoder_8,yes,0.7918
Decoder_8,yes,0.1088
Decoder_8,yes,-0.3955
Decoder_8,yes,0.395
Decoder_8,yes,0.7618
Decoder_8,yes,0.858
Decoder_8,yes,-0.1097
Decoder_8,yes,0.6331
Decoder_8,yes,0.7686
Decoder_8,yes,0.7461
Decoder_8,yes,0.5915
Decoder_8,yes,0.7104
Decoder_8,yes,0.5929
Decoder_8,yes,0.7517
Decoder_8,yes,0.0953
Decoder_8,yes,0.6395
Decoder_8,yes,0.6874
Decoder_8,yes,0.4708
Decoder_8,yes,0.8443
Decoder_8,yes,0.5967
Decoder_8,yes,0.4802
Decoder_8,yes,0.8682
Decoder_8,yes,0.5719
Decoder_8,yes,0.7584
Decoder_8,yes,0.5892
Decoder_8,yes,0.2019
Decoder_8,yes,0.8643
Decoder_8,yes,0.5732
Decoder_8,yes,0.3092
Decoder_8,yes,0.5209
Decoder_8,yes,0.2658
Decoder_8,yes,0.5948
Decoder_8,yes,0.326
Decoder_8,yes,0.8131
Decoder_8,yes,0.5564
Decoder_8,yes,0.8622
Decoder_8,yes,-0.624
Decoder_8,yes,0.5926
Decoder_8,yes,0.7978
Decoder_8,yes,0.7702
Decoder_8,yes,0.3124
Decoder_8,yes,0.7298
Decoder_8,yes,-0.229
Decoder_8,yes,0.5172
Decoder_8,yes,0.4101
Decoder_8,yes,-0.2786
Decoder_8,yes,0.0735
Decoder_8,yes,-0.6732
Decoder_8,yes,0.8672
Decoder_8,yes,0.3641
Decoder_8,yes,0.6967
Decoder_8,yes,0.6038
Decoder_8,yes,0.69
Decoder_8,yes,0.6876
Decoder_8,yes,0.6118
Decoder_8,yes,0.3548
Decoder_8,yes,0.5082
Decoder_8,yes,0.7412
Decoder_8,yes,0.7237
Decoder_8,yes,0.3189
Decoder_8,yes,0.2438
Decoder_8,yes,0.5407
Decoder_8,yes,0.7345
Decoder_8,yes,0.5972
Decoder_8,yes,0.7185
Decoder_8,yes,0.4968
Decoder_8,yes,0.1124
Decoder_8,yes,0.4797
Decoder_8,yes,0.6328
Decoder_8,yes,0.8068
Decoder_8,yes,0.4919
Decoder_8,yes,0.6798
Decoder_8,yes,0.5988
Decoder_8,yes,0.5613
Decoder_8,yes,0.5275
Decoder_8,yes,0.8634
Decoder_8,yes,0.788
Decoder_8,yes,-0.2272
Decoder_8,yes,0.7247
Decoder_8,yes,-0.0149
Decoder_8,yes,0.2733
Decoder_8,yes,0.817
Decoder_8,yes,0.6177
Decoder_8,yes,0.7297
Decoder_8,yes,0.4499
Decoder_8,yes,-0.7879
Decoder_8,yes,0.592
Decoder_8,no,0.0859
Decoder_8,no,0.3141
Decoder_8,no,0.2504
Decoder_8,no,0.4414
Decoder_8,no,0.404
Decoder_8,no,0.431
Decoder_8,no,0.7013
Decoder_8,no,0.6069
Decoder_8,no,0.734
Decoder_8,no,0.5065
Decoder_8,no,0.3532
Decoder_8,no,0.177
Decoder_8,no,0.3424
Decoder_8,no,0.0878
Decoder_8,no,0.4219
Decoder_8,no,0.4051
Decoder_8,no,0.1588
Decoder_8,no,0.3525
Decoder_8,no,0.1841
Decoder_8,no,0.4278
Decoder_8,no,0.2661
Decoder_8,no,0.3116
Decoder_8,no,0.1241
Decoder_8,no,0.3938
Decoder_8,no,0.0025
Decoder_8,no,0.4161
Decoder_8,no,0.6448
Decoder_8,no,0.1627
Decoder_8,no,0.4527
Decoder_8,no,0.1615
Decoder_8,no,0.4078
Decoder_8,no,0.0314
Decoder_8,no,0.5682
Decoder_8,no,0.2871
Decoder_8,no,0.3378
Decoder_8,no,0.2563
Decoder_8,no,0.2491
Decoder_8,no,0.4958
Decoder_8,no,0.5129
Decoder_8,no,0.3696
Decoder_8,no,0.4559
Decoder_8,no,-0.0628
Decoder_8,no,0.4772
Decoder_8,no,-0.1344
Decoder_8,no,0.7524
Decoder_8,no,0.1237
Decoder_8,no,0.4946
Decoder_8,no,-0.1057
Decoder_8,no,0.3486
Decoder_8,no,0.252
Decoder_8,no,-0.0208
Decoder_8,no,0.371
Decoder_8,no,0.0335
Decoder_8,no,0.1923
Decoder_8,no,0.2359
Decoder_8,no,0.377
Decoder_8,no,0.3959
Decoder_8,no,0.1293
Decoder_8,no,0.0248
Decoder_8,no,-0.0524
Decoder_8,no,0.5052
Decoder_8,no,-0.1215
Decoder_8,no,0.2238
Decoder_8,no,0.1496
Decoder_8,no,0.7737
Decoder_8,no,0.6747
Decoder_8,no,0.3423
Decoder_8,no,0.378
Decoder_8,no,0.7749
Decoder_8,no,0.0323
Decoder_8,no,0.1084
Decoder_8,no,0.1236
Decoder_8,no,-0.146
Decoder_8,no,0.4289
Decoder_8,no,0.3929
Decoder_8,no,-0.1882
Decoder_8,no,0.5701
Decoder_8,no,-0.0241
Decoder_8,no,0.2137
Decoder_8,no,0.1222
Decoder_8,no,0.1977
Decoder_8,no,0.2209
Decoder_8,no,0.2013
Decoder_8,no,0.8824
Decoder_8,no,0.3308
Decoder_8,no,0.5088
Decoder_8,no,0.372
Decoder_8,no,0.246
Decoder_8,no,0.4076
Decoder_8,no,0.2782
Decoder_8,no,0.3188
Decoder_8,no,0.4278
Decoder_8,no,0.2778
Decoder_8,no,0.1966
Decoder_8,no,0.5118
Decoder_8,no,0.0891
Decoder_8,no,0.3688
Decoder_8,no,0.1196
Decoder_8,no,0.4485
Decoder_8,no,0.2703
Decoder_8,no,0.4535
Decoder_8,no,0.4102
Decoder_8,no,0.479
Decoder_8,no,0.2008
Decoder_8,no,0.4119
Decoder_8,no,0.2165
Decoder_8,no,0.2086
Decoder_8,no,0.5463
Decoder_8,no,0.3545
Decoder_8,no,0.4122
Decoder_8,no,0.17
Decoder_8,no,0.126
Decoder_8,no,0.2806
Decoder_8,no,0.1621
Decoder_8,no,0.2604
Decoder_8,no,0.2764
Decoder_8,no,0.2469
Decoder_8,no,0.6535
Decoder_8,no,0.2837
Decoder_8,no,0.5095
Decoder_8,no,0.3807
Decoder_8,no,0.3763
Decoder_8,no,0.5225
Decoder_8,no,0.3469
Decoder_8,no,0.1793
Decoder_8,no,0.463
Decoder_8,no,0.3663
Decoder_8,no,0.032
Decoder_8,no,0.0941
Decoder_8,no,0.1399
Decoder_8,no,0.705
Decoder_8,no,0.1674
Decoder_8,no,0.5583
Decoder_8,no,0.5565
Decoder_8,no,0.469
Decoder_8,no,0.3122
Decoder_8,no,0.1196
Decoder_8,no,0.4135
Decoder_8,no,0.3709
Decoder_8,no,0.3714
Decoder_8,no,0.3795
Decoder_8,no,0.3112
Decoder_8,no,0.3376
Decoder_8,no,0.1022
Decoder_8,no,0.2118
Decoder_8,no,0.3734
Decoder_8,no,0.2995
Decoder_8,no,0.0748
Decoder_8,no,0.2047
Decoder_8,no,0.552
Decoder_8,no,0.4053
Decoder_8,no,0.3611
Decoder_8,no,0.3134
Decoder_8,no,0.2949
Decoder_8,no,0.0689
Decoder_8,no,0.5331
Decoder_8,no,0.2289
Decoder_8,no,0.2637
Decoder_8,no,0.2096
Decoder_8,no,0.3296
Decoder_8,no,0.0995
Decoder_8,no,0.2101
Decoder_8,no,0.0651
Decoder_8,no,0.1427
Decoder_8,no,0.4732
Decoder_8,no,0.1562
Decoder_8,no,0.4678
Decoder_8,no,-0.0482
Decoder_8,no,0.2374
Decoder_8,no,0.4385
Decoder_8,no,0.4472
Decoder_8,no,0.1949
Decoder_8,no,0.1928
Decoder_8,no,0.0271
Decoder_8,no,0.2156
Decoder_8,no,0.2933
Decoder_8,no,-0.0772
Decoder_8,no,0.2419
Decoder_8,no,0.36
Decoder_8,no,0.3143
Decoder_8,no,0.1977
Decoder_8,no,0.3109
Decoder_8,no,0.3075
Decoder_8,no,0.4442
Decoder_8,no,0.6927
Decoder_8,no,0.5202
Decoder_8,no,0.1483
Decoder_8,no,0.3411
Decoder_8,no,0.1856
Decoder_8,no,0.333
Decoder_8,no,0.4028
Decoder_8,no,0.3565
Decoder_8,no,0.3626
Decoder_8,no,0.3055
Decoder_8,no,0.4239
Decoder_8,no,0.1134
Decoder_8,no,0.1564
Decoder_8,no,0.5828
Decoder_8,no,0.5991
Decoder_8,no,0.3034
Decoder_8,no,0.4417
Decoder_8,no,0.4907
Decoder_8,no,0.6878
Decoder_8,no,0.261
Decoder_8,no,0.0219
Decoder_8,no,0.2733
Decoder_8,no,0.41
Decoder_8,no,0.1715
Decoder_8,no,0.3584
Decoder_8,no,0.06
Decoder_8,no,0.6093
Decoder_8,no,0.6232
Decoder_8,no,0.2768
Decoder_8,no,0.3453
Decoder_8,no,0.3956
Decoder_8,no,0.427
Decoder_8,no,-0.0301
Decoder_8,no,0.5806
Decoder_8,no,-0.0257
Decoder_8,no,0.6205
Decoder_8,no,0.267
Decoder_8,no,0.263
Decoder_8,no,0.4103
Decoder_8,no,-0.0697
Decoder_8,no,0.3818
Decoder_8,no,0.1451
Decoder_8,no,0.6033
Decoder_8,no,0.8267
Decoder_8,no,0.2751
Decoder_8,no,0.3273
Decoder_8,no,0.3893
Decoder_8,no,0.2397
Decoder_8,no,0.5896
Decoder_8,no,0.1581
Decoder_8,no,0.3392
Decoder_8,no,0.234
Decoder_8,no,0.1292
Decoder_8,no,0.3873
Decoder_8,no,0.5004
Decoder_8,no,0.084
Decoder_8,no,0.5626
Decoder_8,no,0.2497
Decoder_8,no,0.5544
Decoder_8,no,0.1139
Decoder_8,no,0.03
Decoder_8,no,0.3477
Decoder_8,no,0.8905
Decoder_8,no,0.0265
Decoder_8,no,0.5277
Decoder_8,no,0.3188
Decoder_8,no,0.2494
Decoder_8,no,0.4508
Decoder_8,no,0.3238
Decoder_8,no,0.1971
Decoder_8,no,0.4424
Decoder_8,no,0.6716
Decoder_8,no,0.5753
Decoder_8,no,0.7961
Decoder_8,no,0.097
Decoder_8,no,0.6214
Decoder_8,no,-0.0763
Decoder_8,no,0.2528
Decoder_8,no,0.2116
Decoder_8,no,0.242
Decoder_8,no,0.3183
Decoder_8,no,0.8697
Decoder_8,no,0.059
Decoder_8,no,0.1577
Decoder_8,no,0.4717
Decoder_8,no,0.3865
Decoder_8,no,0.4948
Decoder_8,no,0.285
Decoder_8,no,0.5221
Decoder_8,no,0.3634
Decoder_8,no,0.6895
Decoder_8,no,0.7339
Decoder_8,no,0.2809
Decoder_8,no,0.4511
Decoder_8,no,0.0797
Decoder_8,no,0.2332
Decoder_8,no,0.2175
Decoder_8,no,0.3372
Decoder_8,no,0.012
Decoder_8,no,0.2284
Decoder_8,no,0.4592
Decoder_8,no,0.1138
Decoder_8,no,0.5461
Decoder_8,no,0.4415
Decoder_8,no,0.4676
Decoder_8,no,0.3869
Decoder_8,no,0.0081
Decoder_8,no,0.3501
Decoder_8,no,0.3108
Decoder_8,no,0.3583
Decoder_8,no,0.6021
Decoder_8,no,0.2128
Decoder_8,no,0.5829
Decoder_8,no,0.2781
Decoder_8,no,0.2581
Decoder_8,no,0.4885
